relative_path	size_bytes	sha256
audit/analysis_decision_log_20260808.md	3981	d40d354bd74301fee90454a2cb89c8e8cf93781f5612b2acc18ba2ed8d622858
audit/embedded_figure_audit.json	2114	eddd3d7c9032c67db1dc59508cdc040feee5366bc876ee458cdd62a24d7b007e
audit/final_validation_report.json	5701	bb6642206cda7e2c9e223e71b1be6c512796c815d5d43b62f7048affdb016f21
audit/final_validation_report.md	1383	796e8002b573b76f1be491adedf706bac6c48e7d270ff427a9ffcfd06e0fa81c
audit/manuscript_inventory/final_manuscript_inventory.json	138126	345ef34027fdb9f68b7e610bc22c041799067eb6055be8eb3430120c6bbec8d5
audit/manuscript_inventory/final_manuscript_inventory.md	12448	632aed6af2ffb4979d6ae2542773ac4c818c324b7d6cc919652529a010873574
audit/reference_audit.json	8953	39d3725576d351a33fc6c2a0bba1a0791f0217d7cf7ec284470010e5d5f4d802
audit/reference_audit.md	7975	3297ec12ce371dfd01481f1ff978329367a53671cc3b23bb28717200fb2c522d
audit/rendered_final/page-01.png	259711	64937edc2170d96f15345b6ef319d707c99abcda53b04040e28c1ba181b77a8d
audit/rendered_final/page-02.png	282508	4bee80b45b7544ac427415638061f40dfcce31904557aec331a4442e49a65763
audit/rendered_final/page-03.png	357204	10eff82c711d8f47a13cad9bd9bb4e8c62cdf8ddebee4426246b75ba8aa3e3ae
audit/rendered_final/page-04.png	269000	19fab3571b44918f96992a298fe8d8649d91c9e9fae6c7a9bda5b4e5618d88cf
audit/rendered_final/page-05.png	308199	359c7ca6543548781b3e18070c34e680db2e74ffefdf012c289b99fe964786b2
audit/rendered_final/page-06.png	269572	e385195f88ee40f19ebf68d97e8a85d146423777ef6edc1de2a6ab346b1c9c19
audit/rendered_final/page-07.png	162394	fd9678266bd95a0ce1f2c03ec8739bb32f21d49b11afba2b641bdad0ed459261
audit/rendered_final/page-08.png	175503	aca1e7f41a16403c65708e050392fc2d90623d1abc087b3376aa5cee7f1a030d
audit/rendered_final/page-09.png	65256	508395baebace57dd4a73e93d17f92bd6dc0eb0967aacedfc16ebbfdc3eaab2b
audit/rendered_final/page-10.png	265767	688f2ab001c3b0e05214b791bdd7b0caa709cc0731b5deabaa685c8d987fb990
audit/rendered_final/page-11.png	266143	542a3c514e58fdcf3b8ffdaeb0742d3a57368e72492c765bf24c6a211fc6a2c4
audit/rendered_final/page-12.png	232716	52de746eaf0b7dda1318a8db1505e655eeba43e6777cc5e817fc0d51965aeb85
audit/rendered_final/page-13.png	323898	c86e6e79eca70c96ccf1542f1007eca17e51533954a39fb47f7f044c64b3a93a
audit/rendered_final/page-14.png	189576	233a6119941504ac02308fdc4e43006d79ca66112da03fb95dd675df81a4efdb
audit/rendered_final/page-15.png	330159	94d2b6437792d0af97b2bb9fde6a6ffa240a635d77d5a9daa5fadf3511bb1a6a
audit/rendered_final/page-16.png	278801	512309e3fe1362354f1924bceb8c4e0b1231bda01159abb39ff6de6df7d66cc7
audit/rendered_final/page-17.png	305429	7d0eb1a6f127cc825bef67a6b4b8bf934d3cffdd7ffcc22109707be10385dfeb
audit/rendered_final/page-18.png	293076	fb94dff74700a9e76d433c954c794d4b60e09954674112d3e205d1448514ecd5
audit/rendered_final/page-19.png	150048	a568be08eb64498a140c7c76099f81ed36495b41f1857f81b3521505109e4e14
audit/rendered_final/page-20.png	323253	de7fbe7f0cab05efdd6e0a4bb8bf882df5cfbc31ce7784ccb52efffd988c9355
audit/rendered_final/page-21.png	325993	592892af7bea8e786a863145842cf718070f0e510fb4528dd66dcf432038e964
audit/rendered_final/page-22.png	126371	0062f245bc4ab9bf4d9bf81e5b65e9737562bceb731b21e32ded7ef0f7ed8093
audit/reproduction_comparison.json	23489	604b1aa2126f260ecbc60655114669a78d6af2a81130a9950f6b575a6b7c4794
audit/reproduction_comparison.md	4310	05a6bf0ffe40a2774e7ede2c0881abe538d9d05b1baa89fa545d8e975558f069
audit/runtime_environment.json	299	67252e349bcad1b977eb3d1df0585a73b2846a00b0751d28d2b742958967810e
audit/visual_qa_report.md	902	aae9dd04677777583b487ebbf30ee6dab7d9645a0ef877319650644efd4a764c
code/advanced_causal_extension_20260808.py	24071	8e03cb7a070b31242dc56a527c7eee09562d435a59d0a781eca667c15baaebc7
code/audit_and_bayesian_reanalysis.py	46695	f3d0e5b4eccf0bb17e7eea16ee151010f67690075a02bb2351c7f2859862cc0d
code/audit_final_manuscript_20260810.py	7656	cd7fd703d84b3f27791cfea723450b7b389255f7624d172fa640cfd1ce6f0c9d
code/build_final_submission_package_20260810.py	6995	b071a520794a111ac8beb2a22c0882cebfb1dd9bac27c62b112bdba82a8563f7
code/causal_reanalysis_20260808.py	50787	96e90ca9e0cb79a41735280b3ff5d580eae0bc65bc3cbfa49b9b821a9e9d5f61
code/compare_reproduced_outputs_20260810.py	7251	1426dca7dfbdfd1c6a1e06fb4ff0adf498045eeedf11214229f5b34ab43820c1
code/create_advanced_causal_figures_20260808.py	14024	d27d29f149fc2b3ac6a0f7b07129408216557f0808eb64b731949e0cb3cffc20
code/create_causal_figures_20260808.py	10540	716b5c04283594ba22192ab3c3ae34eb6ed39ba7f290aafa1a7a74f6de274a6f
code/create_cover_letter_highlights_20260810.py	11053	b6156ad15a814617669de663d67ff73122c3d9840843d3c027a0186f6a5e6fde
code/create_survey_validated_figures_20260808.py	12902	93caae089507748543448f55cc794fe4391d5e6e2b682ea66f8ad5b0d6cb01ff
code/finalize_manuscript_references_20260810.py	19082	33bcd1323366d420c97b3f244cd66814af17cedcdc51afb688fab8f41a7c88d3
code/regenerate_final_figures_20260810.py	907	133055e7153e56fdb781693e36a85c1a4bc33cc3301e8dc1c44f1e110bc72fac
code/revise_manuscript_causal_20260808.py	37164	5b4b625e1fbbfd92822f4aba9a5172e315734f0a524e75129827e688363aacef
code/revise_manuscript_causal_extension_20260808.py	47824	7c0dbe924cec8673123a1881528142b379a658700591946faa56a965b7c3861a
code/revise_manuscript_survey_validated_20260808.py	38770	678859c0b8419b33278446799b08a58a210acd1fbc1de8b220acead17882bfb2
code/survey_validated_extension_20260808.py	28107	d3bec668aec342768725074b5f06bd6cc0d6f8c89b89da0b38acadb608e19c10
code/validate_causal_extension_20260808.py	7289	36386f1ae353ff0c32a5de1b7081c31501dc36a51a840c7d69df34c903c76bf5
code/validate_causal_revision_20260808.py	4864	31f1737e4f0fdec6995b6cdd4a5dfb9e728cf116690678ea499d3d54dee65122
code/validate_final_package_20260810.py	14802	4bf8337050625d8a9b484c965edb7feaf9e235741edbf06ba704b5d52dd5e907
code/validate_survey_validated_revision_20260808.py	6109	ea0d08e248e46ac8c3c5b0b77665d5d2bf711301b4d2ffff7226eca6121cf473
data/analysis_input/DM_FilterRowNa_py.tsv	8715101	d883345d4467f50f8be031c9ba96375188e7763f2394d243e23ef910f78f52c1
data/analysis_input/NHANES_Data.tsv	111951381	142a0f9b4c6e20789a1ba352a592295f91b775a6be35ddf7e53bb7b656994bb5
data/external_raw_2015_2018/DEMO_J.xpt	3412720	c0b46e0345ea19404928656277c8b0d10b0cca348a9b2fe4fc3c67e8b7ee73ec
data/external_raw_2015_2018/SMQ_I.xpt	2681040	529ce1c407e99dce937ca75d14c8c630e0c9c30a4a9a851760cd2884bbb28fe0
figures/main/Figure1_causal_dag.png	109401	c37d9572042c88bf1bd02b290b1010bfd28cb21d54baa5808d7a60957f58857e
figures/main/Figure2_sleep_mortality_rcs.png	47024	63a015b884c06de19cd91a5e241baf9fc4dbd3db0d2d2e9dd585fab54697449f
figures/main/Figure3_health_status_domain_attenuation.png	64279	d4ce34976fd655788fca20fcc2d65e53bf5c2835e50ef71d4bcc8a612eab3235
figures/main/Figure4_robustness_forest.png	149330	572272e7565df834313db0975559e9eaa5e4c6948ed36290656a96957db0cdc1
figures/main/Figure5_standardized_cumulative_incidence.png	85784	f171fce94bf1188687a531832a52e59f45726d5b3cc31b051401b52050f53dd1
figures/main/Figure6_inflammation_pathway_rcs.png	41421	99def024e1626247955e479c7a33066e7a7282518f778bfcf8fe20e415bacf2c
figures/supplementary/FigureS1_bias_contour.png	104529	3ad364a052cccca0dbe74d05ee3d48b34a1fee9644fcc8f41a2d020901814ebb
figures/supplementary/FigureS2_PH_time_specific_HR.png	36701	721f1e1002dde526b98193c534c807adeae477b4db8837f98d4623e36dc5c859
logs/base_reproduction.stderr.log	0	e3b0c44298fc1c149afbf4c8996fb92427ae41e4649b934ca495991b7852b855
logs/base_reproduction.stdout.log	0	e3b0c44298fc1c149afbf4c8996fb92427ae41e4649b934ca495991b7852b855
logs/extension_reproduction.stderr.log	0	e3b0c44298fc1c149afbf4c8996fb92427ae41e4649b934ca495991b7852b855
logs/extension_reproduction.stdout.log	0	e3b0c44298fc1c149afbf4c8996fb92427ae41e4649b934ca495991b7852b855
manuscript/Manuscript.docx	544703	788fa063a8725df9e53e61c533db9435d348e8ae50f8d89090bf3a94eda385df
manuscript/Manuscript_final_audited_20260810.pdf	1037286	1eb5b6944959bee057e6f3fe24110774d7ede61b3dc9a3880af36438659791a7
manuscript/Manuscript_source_designated_20260808.docx	542386	a9aa6530163b377314a7ea18c827f1c7fe8fdf1974b00d50e791d50d1b68682e
manuscript/Supplementary_methods_results_20260808.docx	174853	0a87a9cd6e577d92ab6d6c4385cf18722b195300c53c7cf4b492355856d065cf
manuscript/Supplementary_methods_results_20260808.pdf	473323	d494049427dacae4ff53f30c59ac07387fe6f04ada04e52a424daffec2cc05d3
README.md	4012	91f1ed20c337c27c6e656009b264bb13b52241d746d6147c84f8030d47578a67
reproduced_outputs/base/bayesian_shrinkage_sensitivity.tsv	2913	cea2cac18b127a84e7bb9957d8bf0816d645c2ae7f234cc181c015eb02138348
reproduced_outputs/base/causal_models_sleep_categories.tsv	3616	bda281f759e7e0502745d7a50b4a07b32f1cf95403d41cf13aea3be080c93a43
reproduced_outputs/base/causal_models_sleep_categories_summary.tsv	564	757515310af12bf7d4a36326ed0ade94b68819eb9a306d22be9621e5fafeb060
reproduced_outputs/base/causal_models_sleep_rcs_curve.tsv	63276	501ae7f6ba437a631664a4fe6f1af3e2882d5b9bfeb269afcdc03613cf8f7244
reproduced_outputs/base/causal_models_sleep_rcs_summary.tsv	794	cf420beaf9f757ea60300dd64115806fe62568f5bef58dc43234cdcd3b107d70
reproduced_outputs/base/causal_reanalysis_quality_control.tsv	338	512956ba43be029157b94b817b99acb3152c16c9f3bc76e4eaea112d57e6de04
reproduced_outputs/base/competing_risk_fine_gray.tsv	1845	29f9280932355e19224acd55b1f873c9f2ee93bc2753f163b27045fc94249a7a
reproduced_outputs/base/competing_risk_fine_gray_summary.tsv	304	1b4f65b0d6810ac4529a9193bc2ff5186a4f983ba482bcdc1bd0116fdd31e3e7
reproduced_outputs/base/Figure1_causal_dag.png	109401	c37d9572042c88bf1bd02b290b1010bfd28cb21d54baa5808d7a60957f58857e
reproduced_outputs/base/Figure2_sleep_mortality_rcs.png	47024	63a015b884c06de19cd91a5e241baf9fc4dbd3db0d2d2e9dd585fab54697449f
reproduced_outputs/base/Figure3_inflammation_pathway_rcs.png	41421	99def024e1626247955e479c7a33066e7a7282518f778bfcf8fe20e415bacf2c
reproduced_outputs/base/flexible_covariate_knots.tsv	142	1ae938989ed0a95931d62a9b33ff04ced87f39d4a12566a285ccfae6b88b3121
reproduced_outputs/base/inflammation_outcome_pathway.tsv	3968	37fb9fccafbd742b6014064784a0e0513babba451241f4051f8639ae918c8c1e
reproduced_outputs/base/inflammation_sleep_categories.tsv	1093	fc3526ec2b53ea9a48ddf6bfe4bcf8cf063acb9c66b6c93dac06957e43cb832a
reproduced_outputs/base/inflammation_sleep_rcs_curve.tsv	23382	c3a72963488113f64971b6a25809f9bc459db67c115e2961d290b10adf614edc
reproduced_outputs/base/inflammation_sleep_rcs_summary.tsv	209	54e0764098ca7169ee29d03a26bbe2ba267c32b9d44c34b98b273223680aa106
reproduced_outputs/base/multiple_imputation_individual_estimates.tsv	28832	efba13d2c2b88ca02ae25bf19063721d9aded5658c2dfaaa1c4bb2e6b696615f
reproduced_outputs/base/multiple_imputation_rubin_pooled.tsv	1673	83fff42ca440993df2b57f4f150202994bad73751770eadd2f415728bf18b71a
reproduced_outputs/base/multiple_imputation_specification.tsv	641	72543892819f6ef5cd9e943bea7b0a695d9660b5c5b2106817f371ae9f41c780
reproduced_outputs/base/multiple_imputation_summary.tsv	218	e7387db74784d35d087f2431d4d5c6ffe46657f564f779b5745a6ddf1a8c6f61
reproduced_outputs/base/reverse_causation_lag_24_months.tsv	1517	5abf0149e7736229b3f97b2952ed6d5f4137152d5cf81a20aea25198d5f629f5
reproduced_outputs/extension/alternative_4knot_sleep_rcs_curve.tsv	33316	507f80067be6fe70f372c3999f439ad00af35a19c97bc86f8f2aae435a05724c
reproduced_outputs/extension/alternative_4knot_sleep_rcs_summary.tsv	443	27e13cc7f89e8267e7fd29fd88b9855ef4cc7e983442db00cb9bd353577753d1
reproduced_outputs/extension/e_values_long_sleep.tsv	572	db0af0205645bfe629a1c7e199b640ad21de37d6528dd8c0e55107741b146014
reproduced_outputs/extension/Figure3_health_status_domain_attenuation.png	64279	d4ce34976fd655788fca20fcc2d65e53bf5c2835e50ef71d4bcc8a612eab3235
reproduced_outputs/extension/Figure4_robustness_forest.png	149330	572272e7565df834313db0975559e9eaa5e4c6948ed36290656a96957db0cdc1
reproduced_outputs/extension/Figure5_standardized_cumulative_incidence.png	85784	f171fce94bf1188687a531832a52e59f45726d5b3cc31b051401b52050f53dd1
reproduced_outputs/extension/FigureS_bias_contour.png	104529	3ad364a052cccca0dbe74d05ee3d48b34a1fee9644fcc8f41a2d020901814ebb
reproduced_outputs/extension/FigureS_PH_time_specific_HR.png	36701	721f1e1002dde526b98193c534c807adeae477b4db8837f98d4623e36dc5c859
reproduced_outputs/extension/follow_up_and_event_summary.tsv	793	d1c92bcbf8dc50cb3b3550477de461895c4b61bb3bce2576caef2d67cc101c76
reproduced_outputs/extension/health_status_domain_one_at_a_time.tsv	1407	7091bd3cd29e0b33e5486368458a58d3df87023f3fa7e5932454181236041a8f
reproduced_outputs/extension/health_status_sequential_attenuation.tsv	1204	fbe5cd5ba5f656ec81476c1336b2eb63d67eb033c0a8d93695c0923303160db1
reproduced_outputs/extension/leave_one_cycle_out_long_sleep.tsv	3241	8ff1d3b09b68a5654d0397f49b417dd87493e819e28d2c357d4c0401e8b6ab7b
reproduced_outputs/extension/proportional_hazards_piecewise_models.tsv	3942	2c16511d83705339e73e8e65c1d7137cb46a9472a32763b8440f20e2e8ea2266
reproduced_outputs/extension/proportional_hazards_time_interaction.tsv	1671	3f0eced28a99fe3fbc3239bf50dcf6b2dbad26e77a900da7c4ef4487820e492c
reproduced_outputs/extension/proportional_hazards_time_specific_HR.tsv	2317	dfdcfc042a79700918003ff3f24ea238cd1020426fee7ec4eeb0a5eef66fa0a1
reproduced_outputs/extension/quantitative_bias_contour_grid.tsv	1853723	7e71eb9a9255e61ec8384b5fe0a1e17f4be4be2d106142dbe5ec13cc4e60ab1c
reproduced_outputs/extension/reverse_causation_lag_2y_5y.tsv	2948	ed75846899e481e9591b4b6eba371c68a1c33a56e34b2f06b52895f70c05544e
reproduced_outputs/extension/same_cycle_composition_lag_0y_2y_5y.tsv	7325	4d29f3eb6731d7aea14e4ae27efeaccbd3367124e9c00556ec4104d710d21ec4
reproduced_outputs/extension/standardized_absolute_risk_contrasts.tsv	1516	2bc81a735e667aa8488e29197d5aaba63ac7295cb4bf293dcd452d599fea220a
reproduced_outputs/extension/standardized_absolute_risk_horizons.tsv	1203	491159ba393430385bd3e1c3fb6705cce6dd8edd33331f59fe7a0f15c92698d6
reproduced_outputs/extension/standardized_cif_bootstrap_diagnostics.tsv	9484	a4dd165d8d28fa66f7bc8ec86e8c485a6eeef30e9e5ca94dcebb7cfc1dd7100a
reproduced_outputs/extension/standardized_cumulative_incidence_curve.tsv	76240	5b2f1b697159357bad1e18bc8738cbfa2c32f3602e6387553958152fc48bc97b
reproduced_outputs/extension/survey_design_audit.tsv	501	7157d90dcdcc03376ff08dc645c404949f669649a7a90e2952c10b6e76025168
reproduced_outputs/extension/survey_design_cycle_inventory.tsv	462	7f256991a9d62262ca9c0fbb152ce797d8ad46075af7316808af27a919c7b251
reproduced_outputs/extension/survey_design_estimate_comparison.tsv	3729	95f4e40b09f8fc0a23e79a9dd9f9c9c82e5372c2cfd3230face6d9273b32c9f2
reproduced_outputs/extension/survey_validated_extension_quality_control.tsv	166	fcb96494cfdba84da27dd8d657bf2c634c641a8f1b50523795f739ad3b9742bc
reproduced_outputs/table1_source/bayesian_sleep_contrasts.tsv	2449	8a296168825f4e2fdf47b1246c90a1ae49be1eca41f23607a81428b7a14efea7
reproduced_outputs/table1_source/cycle_harmonization_repairs.tsv	1400521	5bdc9904a4c8f60cf5f1e745b08e0935cfc54c029d9c386b873d967a08a56c15
reproduced_outputs/table1_source/expanded_cohort_quality_control.tsv	803	15b86e39a33d0972cbeb2f2e5f684a8e48a36b4dc8c7800377339cbbd358bda6
reproduced_outputs/table1_source/survey_cox_prespecified_common_sample.tsv	12124	e05a145cbcadd16779f95bf994b1729a236db6dbcfce461c34bacbd6c4ff70c5
reproduced_outputs/table1_source/survey_cox_prespecified_common_sample_summary.tsv	621	0fdee180f63bacf58d6c126ae5c2dabee56f4ba60d2dacbc5887c2905775e8b9
reproduced_outputs/table1_source/survey_cox_prespecified_expanded_cohort.tsv	11286	b36112ec9c4dd73c3203f521b405c8e45045ba55a2111c2da962c656677d1326
reproduced_outputs/table1_source/survey_cox_prespecified_missing_category_sensitivity.tsv	5566	50394a4536f15a37a52ac78493e255a9672e5df3730835b39a4ce19d92d06c68
reproduced_outputs/table1_source/survey_cox_prespecified_model_summary.tsv	541	dc2e6b296463175bab9dbd51428a37ff9ac164084516c33037f9d85d2a0af8c4
reproduced_outputs/table1_source/survey_cox_prespecified_rcs_curve.tsv	10317	118f25f7b2c431398f2a99a3c584e7ee3dddd309ddeb2cc56e6175c048833962
reproduced_outputs/table1_source/survey_cox_prespecified_rcs_summary.tsv	259	e6f349745f074a0db0f94d5308d5e75c0efd59a73352aab1f0dc6219a268a0b0
reproduced_outputs/table1_source/survey_cox_time_and_lag_sensitivity.tsv	11251	76a86b7ed8818e7acdc5399dea39f4361a59f6cbcb1073531e3fb3c27fca2f3a
reproduced_outputs/table1_source/table1_expanded_survey_weighted.tsv	2461	08cdd922448e3619bc5dbd70bff66d8053800f16cd3887894ecc249b83db1758
submission_files/audit/submission_documents_audit.json	1196	a2e3621dbabc4edcb296b936b4b98d934da49c17f3bd709b3ee946580cde647c
submission_files/Cover_Letter_Preventive_Medicine_Reports_20260810.docx	38627	707425f26276789e0dfdad53c250d49b183dfecda3ea3fb5b0f566c25a0a1e94
submission_files/Highlights_Preventive_Medicine_Reports_20260810.docx	37437	d0d67f0cee5f36b276b2729cde982de1fc09511bdaa344883e3fd128452a4da1
tables/manuscript_table_sources.json	822	6445259a4824f8fa6a4067b88c4009612b5780219ed50e98652c0c8112daa626
