source_model	term	prior	posterior_beta	posterior_sd	posterior_HR	credible_lower_95	credible_upper_95	probability_HR_gt_1	probability_HR_gt_1_10	probability_HR_gt_1_20	probability_HR_in_0_90_to_1_10
Model2_confounder	sleep[>=9 h]	Normal(0,0.2^2)	0.3598937943588002	0.11314681932124525	1.433177194974249	1.1481249156548894	1.7890012177138912	0.9992655742327075	0.990316996279064	0.9417222262335698	0.00966338734203287
Model2_confounder	sleep[>=9 h]	Normal(0,0.35^2)	0.4587832894306181	0.1277494286157071	1.5821477974782356	1.231704534306153	2.032298804904	0.9998354677066768	0.9977808464561784	0.9847714202333422	0.0022141267632509454
Model2_confounder	sleep[>=9 h]	Normal(0,0.7^2)	0.509712688544742	0.13465357656750013	1.6648128064357786	1.2786393798657272	2.167617957115966	0.9999232578643823	0.9989564351368023	0.9924788408258006	0.0010411007400478178
Model3_health_status	sleep[>=9 h]	Normal(0,0.2^2)	0.29456785875818	0.11084938478398813	1.3425460637874227	1.080373761655952	1.6683392334782479	0.9960623552088593	0.9638760888389476	0.8443748333269527	0.035969540977082715
Model3_health_status	sleep[>=9 h]	Normal(0,0.35^2)	0.37140522094569367	0.12446997732205499	1.4497704317190379	1.1359264213216385	1.8503260996793638	0.9985769733421581	0.9867282336051604	0.9356326727305397	0.01320779034554187
Model3_health_status	sleep[>=9 h]	Normal(0,0.7^2)	0.4103261888536542	0.13082936287612004	1.5073093724496416	1.1663804830532212	1.9478905702598788	0.9991446646285189	0.9919763663809211	0.9593125285597177	0.007983176175266615
CVD_free_Model2_confounder	sleep[>=9 h]	Normal(0,0.2^2)	0.3304379192963173	0.1331112084803001	1.3915773936425493	1.072020027385108	1.8063912921669094	0.9934753307675543	0.961335680944079	0.8670870339924556	0.03813402799565846
CVD_free_Model2_confounder	sleep[>=9 h]	Normal(0,0.35^2)	0.47092614310247644	0.15890811909821362	1.6014767032056434	1.1728913654629511	2.186671081765611	0.998479249771876	0.9909540152136065	0.9653280570976057	0.008902362646071527
CVD_free_Model2_confounder	sleep[>=9 h]	Normal(0,0.7^2)	0.55704719852899	0.1728286287112837	1.7455107365442364	1.2439717819719525	2.449257913681436	0.9993659851948058	0.9962259953190851	0.984927957526797	0.003710643515983103
CVD_free_Model3_health_status	sleep[>=9 h]	Normal(0,0.2^2)	0.2902391075074724	0.13217735898708313	1.33674707607748	1.0316673133699235	1.732043578626949	0.9859479695962773	0.9298604898384666	0.7928815062217747	0.06875801444453711
CVD_free_Model3_health_status	sleep[>=9 h]	Normal(0,0.35^2)	0.4111921604325146	0.15732636849439585	1.5086152248606644	1.1083120080140514	2.0535010721029185	0.9955206372553005	0.9776684343744652	0.9271308183451547	0.021818603361824174
CVD_free_Model3_health_status	sleep[>=9 h]	Normal(0,0.7^2)	0.48463370973966446	0.1707992324407469	1.623580198300714	1.1616871238250641	2.269124453781187	0.997726202693768	0.9886790044482531	0.9616352160740941	0.011045148512250857
