model	sleep_hours	HR	lower_95	upper_95	reference_hours
full_Model2_confounder_RCS	3.0	1.604015430452561	0.9126411423782602	2.819142576046111	7.0
full_Model2_confounder_RCS	3.05	1.599704243604564	0.9189094002243097	2.7848813673924493	7.0
full_Model2_confounder_RCS	3.1	1.595404644133899	0.9251663151797044	2.751198283769779	7.0
full_Model2_confounder_RCS	3.15	1.5911166008966326	0.9314081642873103	2.7180908807966158	7.0
full_Model2_confounder_RCS	3.2	1.5868400828325393	0.9376309537658977	2.685557082315219	7.0
full_Model2_confounder_RCS	3.25	1.5825750589648753	0.9438303999531689	2.6535951982283565	7.0
full_Model2_confounder_RCS	3.3	1.5783214984001543	0.9500019090612573	2.6222039435412112	7.0
full_Model2_confounder_RCS	3.35	1.5740793703279239	0.956140555727113	2.5913824586257883	7.0
full_Model2_confounder_RCS	3.4	1.569848644020543	0.9622410603569037	2.5611303307084614	7.0
full_Model2_confounder_RCS	3.45	1.5656292888329577	0.9682977652854081	2.5314476165594546	7.0
full_Model2_confounder_RCS	3.5	1.561421274202481	0.9743046097994702	2.5023348663349663	7.0
full_Model2_confounder_RCS	3.55	1.5572245696485696	0.9802551041101462	2.473793148487084	7.0
full_Model2_confounder_RCS	3.6	1.5530391447726055	0.9861423024026525	2.445824075612171	7.0
full_Model2_confounder_RCS	3.65	1.548864969257674	0.9919587751481743	2.418429831053439	7.0
full_Model2_confounder_RCS	3.7	1.5447020128683437	0.9976965809287232	2.391613196006311	7.0
full_Model2_confounder_RCS	3.75	1.5405502454504498	1.0033472381073856	2.3653775767940406	7.0
full_Model2_confounder_RCS	3.8	1.5364096369308733	1.0089016967732396	2.339727031884074	7.0
full_Model2_confounder_RCS	3.85	1.5322801573173244	1.014350311504701	2.3146662981012183	7.0
full_Model2_confounder_RCS	3.9	1.5281617766981248	1.0196828156284903	2.2902008153602162	7.0
full_Model2_confounder_RCS	3.95	1.5240544652419916	1.0248882978046976	2.2663367490870447	7.0
full_Model2_confounder_RCS	4.0	1.5199581931978206	1.0299551819415986	2.2430810093251043	7.0
full_Model2_confounder_RCS	4.05	1.5158729308944705	1.0348712116356855	2.2204412653306385	7.0
full_Model2_confounder_RCS	4.1	1.51179864874055	1.039623440539719	2.19842595425438	7.0
full_Model2_confounder_RCS	4.15	1.5077353172241998	1.0441982302789241	2.1770442822891285	7.0
full_Model2_confounder_RCS	4.2	1.5036829069128832	1.0485812577539402	2.156306216444466	7.0
full_Model2_confounder_RCS	4.25	1.499641388453169	1.0527575338760233	2.1362224649029113	7.0
full_Model2_confounder_RCS	4.3	1.4956107325705217	1.0567114359578573	2.1168044437340034	7.0
full_Model2_confounder_RCS	4.35	1.4915909100690874	1.060426756109376	2.098064227616726	7.0
full_Model2_confounder_RCS	4.4	1.4875818918314843	1.06388676803419	2.0800144821744992	7.0
full_Model2_confounder_RCS	4.45	1.4835836488185896	1.067074314555426	2.0626683755937743	7.0
full_Model2_confounder_RCS	4.5	1.4795961520693315	1.069971917983484	2.0460394674135407	7.0
full_Model2_confounder_RCS	4.55	1.475619372700477	1.0725619150348118	2.0301415727765013	7.0
full_Model2_confounder_RCS	4.6	1.4716532819064247	1.0748266173860521	2.0149886010573743	7.0
full_Model2_confounder_RCS	4.65	1.4676978509589955	1.0767484980763067	2.0005943686554324	7.0
full_Model2_confounder_RCS	4.7	1.4637530512072237	1.0783104028424084	1.986972386866222	7.0
full_Model2_confounder_RCS	4.75	1.4598188540771504	1.0794957841022412	1.9741356271172676	7.0
full_Model2_confounder_RCS	4.8	1.4558952310716164	1.0802889537349551	1.9620962674187625	7.0
full_Model2_confounder_RCS	4.85	1.4519821537700557	1.0806753491266656	1.9508654255604958	7.0
full_Model2_confounder_RCS	4.9	1.4480795938282893	1.0806418052763702	1.9404528862601427	7.0
full_Model2_confounder_RCS	4.95	1.4441875229783203	1.0801768242431653	1.9308668309816808	7.0
full_Model2_confounder_RCS	5.0	1.440305913028129	1.0792708320376314	1.9221135803209222	7.0
full_Model2_confounder_RCS	5.050000000000001	1.4364230222685537	1.0779155226258226	1.9141677205620542	7.0
full_Model2_confounder_RCS	5.1	1.4324805092270174	1.0761047903946912	1.9068778688018546	7.0
full_Model2_confounder_RCS	5.15	1.4284090319343488	1.0738431444772358	1.9000469230586743	7.0
full_Model2_confounder_RCS	5.2	1.4241400706096323	1.071146588641676	1.893461606676956	7.0
full_Model2_confounder_RCS	5.25	1.419606006573773	1.068041372554213	1.8868943335788628	7.0
full_Model2_confounder_RCS	5.300000000000001	1.414740233512412	1.0645624935851912	1.8801056212099072	7.0
full_Model2_confounder_RCS	5.35	1.4094773001705319	1.0607520677329823	1.8728469357988515	7.0
full_Model2_confounder_RCS	5.4	1.4037530833909355	1.0566576802088636	1.8648638589747026	7.0
full_Model2_confounder_RCS	5.45	1.3975049901988914	1.0523308080144582	1.8558994783358755	7.0
full_Model2_confounder_RCS	5.5	1.3906721873883383	1.047825382983273	1.8456979227485832	7.0
full_Model2_confounder_RCS	5.550000000000001	1.3831958567844187	1.0431965385620425	1.834007981720115	7.0
full_Model2_confounder_RCS	5.6	1.3750194740467216	1.0384995603871723	1.8205867639489823	7.0
full_Model2_confounder_RCS	5.65	1.3660891085421862	1.0337890414531234	1.8052033612722398	7.0
full_Model2_confounder_RCS	5.7	1.3563537414616291	1.0291182280866726	1.7876424902096089	7.0
full_Model2_confounder_RCS	5.75	1.3457655989856243	1.0245385327378376	1.7677080847056466	7.0
full_Model2_confounder_RCS	5.800000000000001	1.3342804969311441	1.0200991827805483	1.7452268118068024	7.0
full_Model2_confounder_RCS	5.85	1.3218581929378668	1.015846969621918	1.720051478705777	7.0
full_Model2_confounder_RCS	5.9	1.3084627418911032	1.011826057577428	1.692064297114794	7.0
full_Model2_confounder_RCS	5.95	1.2940628499362392	1.0080778046939014	1.661179972208183	7.0
full_Model2_confounder_RCS	6.0	1.278632222127318	1.0046405342436249	1.6273485925920053	7.0
full_Model2_confounder_RCS	6.050000000000001	1.2621916601578973	1.0015427905765142	1.5906737105611861	7.0
full_Model2_confounder_RCS	6.1	1.2449300592167412	0.9987836729722737	1.551738273543467	7.0
full_Model2_confounder_RCS	6.15	1.2270706088425303	0.9963522734656185	1.5112147773275855	7.0
full_Model2_confounder_RCS	6.2	1.208826790791081	0.9942351137425135	1.469735065616181	7.0
full_Model2_confounder_RCS	6.25	1.1904015661427103	0.9924170648003997	1.4278834362446433	7.0
full_Model2_confounder_RCS	6.300000000000001	1.1719869107172294	0.9908821265531366	1.3861924461898723	7.0
full_Model2_confounder_RCS	6.35	1.1537636711244348	0.9896141504660996	1.3451410412629639	7.0
full_Model2_confounder_RCS	6.4	1.1359017123811217	0.9885975847703387	1.3051546150500744	7.0
full_Model2_confounder_RCS	6.45	1.118560327991499	0.9878183306466173	1.2666065900370977	7.0
full_Model2_confounder_RCS	6.5	1.101888884541611	0.9872648214723388	1.2298211052082686	7.0
full_Model2_confounder_RCS	6.550000000000001	1.0860276750296671	0.9869294813533689	1.1950763790265595	7.0
full_Model2_confounder_RCS	6.6	1.0711089581860505	0.9868107933296246	1.1626082812038943	7.0
full_Model2_confounder_RCS	6.65	1.0572581647931507	0.9869163264601244	1.132613573261162	7.0
full_Model2_confounder_RCS	6.7	1.0445952563867211	0.987267253372991	1.105252145189293	7.0
full_Model2_confounder_RCS	6.75	1.0332362266290767	0.9879051515647843	1.0806473661238762	7.0
full_Model2_confounder_RCS	6.800000000000001	1.0232947410475215	0.988902207899454	1.0588833948300582	7.0
full_Model2_confounder_RCS	6.85	1.0148839167247479	0.990376216106744	1.0399980812095264	7.0
full_Model2_confounder_RCS	6.9	1.0081182499499217	0.9925115909548459	1.0239703144467653	7.0
full_Model2_confounder_RCS	6.95	1.0031157068743173	0.9955861940658896	1.0107021645896455	7.0
full_Model2_confounder_RCS	7.0	1.0	1.0	1.0	7.0
full_Model2_confounder_RCS	7.05	0.9988577109545855	0.9915239306643923	1.0062457353549628	7.0
full_Model2_confounder_RCS	7.1000000000000005	0.999604600780829	0.9847465888592158	1.0146867927308478	7.0
full_Model2_confounder_RCS	7.15	1.002121704647885	0.9792141940006776	1.0255651083073334	7.0
full_Model2_confounder_RCS	7.2	1.0062986784561547	0.9746004230834627	1.039027899309544	7.0
full_Model2_confounder_RCS	7.25	1.0120317956430953	0.9706861426984721	1.0551385358663161	7.0
full_Model2_confounder_RCS	7.3	1.0192221244919868	0.967333886162304	1.0738936719928593	7.0
full_Model2_confounder_RCS	7.3500000000000005	1.0277738586768523	0.964464466700744	1.0952390067754185	7.0
full_Model2_confounder_RCS	7.4	1.037592779823579	0.9620386989722793	1.1190805296004454	7.0
full_Model2_confounder_RCS	7.45	1.0485848362016716	0.9600443258681746	1.1452910340548847	7.0
full_Model2_confounder_RCS	7.5	1.0606548264291	0.958487119095307	1.1737128631307991	7.0
full_Model2_confounder_RCS	7.55	1.0737051813857024	0.9573849767696294	1.2041580393546398	7.0
full_Model2_confounder_RCS	7.6000000000000005	1.0876348414698063	0.9567640562020928	1.2364067616365197	7.0
full_Model2_confounder_RCS	7.65	1.102338229953027	0.9566562507429747	1.2702050211580624	7.0
full_Model2_confounder_RCS	7.7	1.117704326520847	0.9570975422376782	1.3052619052836183	7.0
full_Model2_confounder_RCS	7.75	1.133615848141278	0.9581269186302313	1.341247037495061	7.0
full_Model2_confounder_RCS	7.800000000000001	1.1499485471707807	0.9597856503973183	1.3777885307961926	7.0
full_Model2_confounder_RCS	7.8500000000000005	1.1665706390575596	0.9621167847769201	1.4144717953618315	7.0
full_Model2_confounder_RCS	7.9	1.1833423740930207	0.9651647551587946	1.4508395243812247	7.0
full_Model2_confounder_RCS	7.95	1.2001157693335778	0.9689750224031666	1.486393174749825	7.0
full_Model2_confounder_RCS	8.0	1.216734517996039	0.973593669484919	1.5205962545609846	7.0
full_Model2_confounder_RCS	8.05	1.2330639352775732	0.9790525521931229	1.552977585397581	7.0
full_Model2_confounder_RCS	8.100000000000001	1.24908388057519	0.9853251979278882	1.5834473166766216	7.0
full_Model2_confounder_RCS	8.15	1.2648048575581081	0.9923685988954607	1.6120334011809123	7.0
full_Model2_confounder_RCS	8.2	1.2802389330381383	1.0001374074565232	1.6387865441758112	7.0
full_Model2_confounder_RCS	8.25	1.2953996984030574	1.0085838081191567	1.663778820475057	7.0
full_Model2_confounder_RCS	8.3	1.3103022305402126	1.0176572951973697	1.6871022725048845	7.0
full_Model2_confounder_RCS	8.350000000000001	1.324963052836377	1.0273044175851689	1.7088674606385108	7.0
full_Model2_confounder_RCS	8.4	1.3394000968284208	1.0374685378975135	1.7292019505667198	7.0
full_Model2_confounder_RCS	8.45	1.3536326650664694	1.0480896475896266	1.748248726765773	7.0
full_Model2_confounder_RCS	8.5	1.3676813957371836	1.0591042786600753	1.7661645202794747	7.0
full_Model2_confounder_RCS	8.55	1.3815682295803149	1.0704455536987565	1.7831180356538139	7.0
full_Model2_confounder_RCS	8.600000000000001	1.3953163796170627	1.0820434174328977	1.799288058002907	7.0
full_Model2_confounder_RCS	8.65	1.4089503041945328	1.093825092722249	1.814861418793531	7.0
full_Model2_confounder_RCS	8.7	1.4224956838371825	1.1057158002492413	1.830030800029532	7.0
full_Model2_confounder_RCS	8.75	1.435979402383997	1.1176397719950175	1.8449923631388927	7.0
full_Model2_confounder_RCS	8.8	1.4494295328796074	1.1295215722812026	1.8599432028028375	7.0
full_Model2_confounder_RCS	8.850000000000001	1.4628753286793343	1.1412877157115233	1.8750786482657518	7.0
full_Model2_confounder_RCS	8.9	1.476347220222063	1.1528685391702689	1.8905894649758541	7.0
full_Model2_confounder_RCS	8.95	1.4898768179221298	1.1642002475385027	1.9066590453618326	7.0
full_Model2_confounder_RCS	9.0	1.5034969216315424	1.175227014723021	1.9234607144291034	7.0
full_Model2_confounder_RCS	9.05	1.51723590577841	1.185907252102761	1.9411339206345957	7.0
full_Model2_confounder_RCS	9.100000000000001	1.5311004370299415	1.1962247482174564	1.9597224950968188	7.0
full_Model2_confounder_RCS	9.15	1.545091662638032	1.2061708216317029	1.9792455621866374	7.0
full_Model2_confounder_RCS	9.2	1.5592107403381747	1.2157393237775294	1.9997199113638264	7.0
full_Model2_confounder_RCS	9.25	1.5734588384452768	1.2249266258294609	2.0211600140580552	7.0
full_Model2_confounder_RCS	9.3	1.5878371359503316	1.2337315476924733	2.043578098508191	7.0
full_Model2_confounder_RCS	9.350000000000001	1.6023468226179622	1.2421552350399434	2.066984276624102	7.0
full_Model2_confounder_RCS	9.4	1.6169890990849058	1.250200992556059	2.091386714718333	7.0
full_Model2_confounder_RCS	9.45	1.6317651769593304	1.2578740829918826	2.116791838499385	7.0
full_Model2_confounder_RCS	9.5	1.6466762789211002	1.2651815022929607	2.1432045620704674	7.0
full_Model2_confounder_RCS	9.55	1.6617236388229575	1.2721317409523876	2.170628530780728	7.0
full_Model2_confounder_RCS	9.600000000000001	1.6769085017926035	1.278734541005567	2.1990663685153957	7.0
full_Model2_confounder_RCS	9.65	1.6922321243357517	1.2850006568875234	2.2285199212038593	7.0
full_Model2_confounder_RCS	9.7	1.7076957744400991	1.2909416268843734	2.2589904898169104	7.0
full_Model2_confounder_RCS	9.75	1.7233007316802145	1.296569560313698	2.290479047719618	7.0
full_Model2_confounder_RCS	9.8	1.73904828732345	1.3018969439962307	2.322986438818602	7.0
full_Model2_confounder_RCS	9.850000000000001	1.7549397444368118	1.306936470138814	2.3565135543863316	7.0
full_Model2_confounder_RCS	9.9	1.77097641799472	1.311700886512013	2.391061487679101	7.0
full_Model2_confounder_RCS	9.95	1.7871596349878733	1.3162028687949359	2.4266316664802865	7.0
full_Model2_confounder_RCS	10.0	1.8034907345330458	1.320454914197404	2.4632259644574996	7.0
full_Model2_confounder_RCS	10.05	1.8199710679838645	1.324469254919013	2.500846792778791	7.0
full_Model2_confounder_RCS	10.100000000000001	1.8366019990426783	1.3282577896641388	2.539497173768114	7.0
full_Model2_confounder_RCS	10.15	1.8533849038733452	1.3318320312415268	2.5791807985752437	7.0
full_Model2_confounder_RCS	10.2	1.8703211712151684	1.3352030682267442	2.6199020708823233	7.0
full_Model2_confounder_RCS	10.25	1.8874122024977575	1.338381538701659	2.6616661386357627	7.0
full_Model2_confounder_RCS	10.3	1.9046594119569968	1.3413776141953717	2.704478915679887	7.0
full_Model2_confounder_RCS	10.350000000000001	1.9220642267521433	1.3442009920970037	2.7483470950255886	7.0
full_Model2_confounder_RCS	10.4	1.9396280870838047	1.3468608949868663	2.793278155307246	7.0
full_Model2_confounder_RCS	10.45	1.957352446313174	1.3493660755113062	2.839280361807247	7.0
full_Model2_confounder_RCS	10.5	1.9752387710823307	1.3517248256107264	2.886362763237746	7.0
full_Model2_confounder_RCS	10.55	1.993288541435518	1.3539449890763735	2.934535185309522	7.0
full_Model2_confounder_RCS	10.600000000000001	2.0115032509416686	1.3560339765774094	2.983808221945334	7.0
full_Model2_confounder_RCS	10.65	2.0298844068179847	1.3579987824369144	3.0341932248633774	7.0
full_Model2_confounder_RCS	10.7	2.048433530054621	1.3598460025648786	3.0857022921254185	7.0
full_Model2_confounder_RCS	10.75	2.0671521555405854	1.361581853069361	3.138348256128241	7.0
full_Model2_confounder_RCS	10.8	2.086041832190752	1.363212189157573	3.1921446714314508	7.0
full_Model2_confounder_RCS	10.850000000000001	2.105104123073964	1.364742524023198	3.2471058027262565	7.0
full_Model2_confounder_RCS	10.9	2.1243406055424745	1.366178047482184	3.3032466131874503	7.0
full_Model2_confounder_RCS	10.95	2.143752871362363	1.3675236441786718	3.36058275338597	7.0
full_Model2_confounder_RCS	11.0	2.163342526845321	1.368783911226511	3.419130550901856	7.0
full_Model3_health_status_RCS	3.0	1.2437859339900952	0.7022490585803738	2.202927053713602	7.0
full_Model3_health_status_RCS	3.05	1.2445284587711882	0.709788760551678	2.1821296289441894	7.0
full_Model3_health_status_RCS	3.1	1.2452714268303693	0.7173685026664319	2.161651815930371	7.0
full_Model3_health_status_RCS	3.15	1.2460148384322696	0.7249855473426136	2.141495072948936	7.0
full_Model3_health_status_RCS	3.2	1.2467586938416788	0.7326368890100995	2.1216611721122076	7.0
full_Model3_health_status_RCS	3.25	1.2475029933235444	0.7403192322053567	2.102152221164386	7.0
full_Model3_health_status_RCS	3.3	1.2482477371429723	0.7480289679618843	2.08297068698808	7.0
full_Model3_health_status_RCS	3.35	1.2489929255652266	0.7557621484040304	2.0641194209133857	7.0
full_Model3_health_status_RCS	3.4	1.2497385588557295	0.7635144594599517	2.0456016859137405	7.0
full_Model3_health_status_RCS	3.45	1.2504846372800615	0.7712811916224593	2.027421185759812	7.0
full_Model3_health_status_RCS	3.5	1.2512311611039626	0.7790572087056488	2.0095820961835082	7.0
full_Model3_health_status_RCS	3.55	1.2519781305933306	0.7868369145721738	1.9920890980772537	7.0
full_Model3_health_status_RCS	3.6	1.2527255460142221	0.7946142178427479	1.974947412716941	7.0
full_Model3_health_status_RCS	3.65	1.2534734076328526	0.8023824946482273	1.9581628389482049	7.0
full_Model3_health_status_RCS	3.7	1.2542217157155973	0.810134549548128	1.941741792212164	7.0
full_Model3_health_status_RCS	3.75	1.2549704705289888	0.8178625748207371	1.9256913452054665	7.0
full_Model3_health_status_RCS	3.8	1.2557196723397204	0.8255581084324797	1.9100192698669853	7.0
full_Model3_health_status_RCS	3.85	1.2564693214146436	0.8332119911216327	1.8947340802560695	7.0
full_Model3_health_status_RCS	3.9	1.2572194180207699	0.8408143231876652	1.8798450757310683	7.0
full_Model3_health_status_RCS	3.95	1.2579699624252698	0.8483544217661898	1.865362383648158	7.0
full_Model3_health_status_RCS	4.0	1.2587209548954732	0.8558207795939928	1.8512970005759986	7.0
full_Model3_health_status_RCS	4.05	1.2594723956988698	0.8632010265311572	1.8376608307592115	7.0
full_Model3_health_status_RCS	4.1	1.2602242851031091	0.8704818954083332	1.8244667202626337	7.0
full_Model3_health_status_RCS	4.15	1.2609766233760002	0.877649194104482	1.8117284848910213	7.0
full_Model3_health_status_RCS	4.2	1.2617294107855122	0.8846877861274459	1.799460929611864	7.0
full_Model3_health_status_RCS	4.25	1.262482647599774	0.891581582354488	1.787679856824166	7.0
full_Model3_health_status_RCS	4.3	1.2632363340870745	0.8983135469730278	1.7764020604329862	7.0
full_Model3_health_status_RCS	4.35	1.263990470515863	0.9048657210145635	1.7656453023367418	7.0
full_Model3_health_status_RCS	4.4	1.2647450571547492	0.9112192671578966	1.755428267651186	7.0
full_Model3_health_status_RCS	4.45	1.265500094272503	0.9173545396403251	1.7457704948313915	7.0
full_Model3_health_status_RCS	4.5	1.2662555821380541	0.9232511830953933	1.7366922768731654	7.0
full_Model3_health_status_RCS	4.55	1.267011521020494	0.9288882638623267	1.7282145300487883	7.0
full_Model3_health_status_RCS	4.6	1.267767911189074	0.9342444367113679	1.7203586272328626	7.0
full_Model3_health_status_RCS	4.65	1.2685247529132062	0.9392981489323793	1.7131461938709251	7.0
full_Model3_health_status_RCS	4.7	1.269282046462464	0.9440278822910404	1.7065988660865117	7.0
full_Model3_health_status_RCS	4.75	1.2700397921065807	0.9484124314519048	1.7007380123274187	7.0
full_Model3_health_status_RCS	4.8	1.270797990115452	0.9524312151364351	1.6955844222830678	7.0
full_Model3_health_status_RCS	4.85	1.2715566407591339	0.9560646136307372	1.6911579694582597	7.0
full_Model3_health_status_RCS	4.9	1.2723157443078437	0.9592943234634245	1.687477256582914	7.0
full_Model3_health_status_RCS	4.95	1.27307530103196	0.9621037173959586	1.6845592557154625	7.0
full_Model3_health_status_RCS	5.0	1.2738353112020229	0.9644781956209701	1.6824189571444095	7.0
full_Model3_health_status_RCS	5.050000000000001	1.2745857415636932	0.9664048032116038	1.6810438102114382	7.0
full_Model3_health_status_RCS	5.1	1.2752763790563226	0.9678738044686324	1.6803118706904863	7.0
full_Model3_health_status_RCS	5.15	1.275846864123382	0.9688867091997525	1.680057333057989	7.0
full_Model3_health_status_RCS	5.2	1.27623675489946	0.9694571157942075	1.6800952079473472	7.0
full_Model3_health_status_RCS	5.25	1.2763855983482784	0.9696095370199408	1.6802229490007459	7.0
full_Model3_health_status_RCS	5.300000000000001	1.2762330299770284	0.9693779139353605	1.680222670013251	7.0
full_Model3_health_status_RCS	5.35	1.2757189020044037	0.9688039534865721	1.6798638270151098	7.0
full_Model3_health_status_RCS	5.4	1.2747834397091007	0.9679354191258731	1.6789062431707926	7.0
full_Model3_health_status_RCS	5.45	1.2733674254980085	0.9668244838644166	1.67710337023986	7.0
full_Model3_health_status_RCS	5.5	1.2714124100098545	0.9655262274308525	1.6742057029650532	7.0
full_Model3_health_status_RCS	5.550000000000001	1.2688609493122822	0.9640973293707257	1.6699642864279391	7.0
full_Model3_health_status_RCS	5.6	1.2656568669603696	0.962594982402362	1.6641342767921827	7.0
full_Model3_health_status_RCS	5.65	1.2617455393653567	0.9610760277718905	1.6564785304230205	7.0
full_Model3_health_status_RCS	5.7	1.25707420257744	0.959596297648668	1.6467712043677243	7.0
full_Model3_health_status_RCS	5.75	1.2515922782203646	0.9582101383920577	1.6348013532078767	7.0
full_Model3_health_status_RCS	5.800000000000001	1.2452517159335157	0.9569700815773831	1.62037650485312	7.0
full_Model3_health_status_RCS	5.85	1.238007349285379	0.9559266252811504	1.6033261929845657	7.0
full_Model3_health_status_RCS	5.9	1.229817261727696	0.9551280842361294	1.5835054190171796	7.0
full_Model3_health_status_RCS	5.95	1.2206431587701336	0.9546204615185255	1.5607980146185196	7.0
full_Model3_health_status_RCS	6.0	1.210450742179482	0.9544472827650208	1.535119881108803	7.0
full_Model3_health_status_RCS	6.050000000000001	1.1992457437934032	0.9546395189224938	1.5065271503005504	7.0
full_Model3_health_status_RCS	6.1	1.187178376033337	0.955185511559154	1.4755170377538425	7.0
full_Model3_health_status_RCS	6.15	1.1744309098167245	0.9560601749149241	1.4426790259887947	7.0
full_Model3_health_status_RCS	6.2	1.161180271946064	0.957235666385164	1.4085764575075936	7.0
full_Model3_health_status_RCS	6.25	1.147597204451201	0.9586821972972912	1.373739230140112	7.0
full_Model3_health_status_RCS	6.300000000000001	1.1338456765597575	0.960368717033346	1.3386587832896013	7.0
full_Model3_health_status_RCS	6.35	1.1200825355960464	0.9622635515146916	1.303785106037152	7.0
full_Model3_health_status_RCS	6.4	1.106457381277162	0.9643350729443169	1.2695254698606262	7.0
full_Model3_health_status_RCS	6.45	1.0931126469510053	0.9665524857431964	1.236244566693614	7.0
full_Model3_health_status_RCS	6.5	1.0801838712222034	0.9688868361620212	1.2042657120521234	7.0
full_Model3_health_status_RCS	6.550000000000001	1.0678001440518177	0.9713123955874811	1.173872744563766	7.0
full_Model3_health_status_RCS	6.6	1.056084712710704	0.9738086398087973	1.145312204911467	7.0
full_Model3_health_status_RCS	6.65	1.0451557348366574	0.9763631637041112	1.1187952912088681	7.0
full_Model3_health_status_RCS	6.7	1.0351271682254433	0.9789760538165169	1.0944989412368682	7.0
full_Model3_health_status_RCS	6.75	1.0261097898234697	0.9816665108165665	1.0725651625782204	7.0
full_Model3_health_status_RCS	6.800000000000001	1.0182123396512244	0.9844828655959625	1.0530974228692276	7.0
full_Model3_health_status_RCS	6.85	1.0115427890581714	0.9875174639222408	1.0361526266396788	7.0
full_Model3_health_status_RCS	6.9	1.0062097368015501	0.9909278380086823	1.0217273101024473	7.0
full_Model3_health_status_RCS	6.95	1.0023239409896172	0.9949642703923761	1.0097380504776925	7.0
full_Model3_health_status_RCS	7.0	1.0	1.0	1.0	7.0
full_Model3_health_status_RCS	7.05	0.9993187510161801	0.9921777852829238	1.0065111121670318	7.0
full_Model3_health_status_RCS	7.1000000000000005	1.0002106359553338	0.9857572672017787	1.0148759228709725	7.0
full_Model3_health_status_RCS	7.15	1.0025739277248327	0.9802978588205612	1.0253561930278448	7.0
full_Model3_health_status_RCS	7.2	1.0063127179228128	0.975486144746774	1.0381134490803823	7.0
full_Model3_health_status_RCS	7.25	1.0113354810218251	0.9711173338299978	1.0532192347343023	7.0
full_Model3_health_status_RCS	7.3	1.0175537637896066	0.9670697775439984	1.070673167795575	7.0
full_Model3_health_status_RCS	7.3500000000000005	1.024880984108943	0.9632809760751008	1.090420196885757	7.0
full_Model3_health_status_RCS	7.4	1.0332313270598514	0.9597286533440587	1.1123633450955677	7.0
full_Model3_health_status_RCS	7.45	1.0425187294203437	0.9564172036804293	1.1363715510447459	7.0
full_Model3_health_status_RCS	7.5	1.0526559466991712	0.9533684878185661	1.1622835831888814	7.0
full_Model3_health_status_RCS	7.55	1.0635536994894133	0.950615754856454	1.1899092413721082	7.0
full_Model3_health_status_RCS	7.6000000000000005	1.0751198983636827	0.9481996828393153	1.219028878385962	7.0
full_Model3_health_status_RCS	7.65	1.0872589487442155	0.946165815643968	1.2493920220736445	7.0
full_Model3_health_status_RCS	7.7	1.0998711391856677	0.9445629093343041	1.2807156737354273	7.0
full_Model3_health_status_RCS	7.75	1.1128521183050735	0.9434418677364116	1.312682720120809	7.0
full_Model3_health_status_RCS	7.800000000000001	1.1260924671719834	0.9428550563544345	1.3449408115013506	7.0
full_Model3_health_status_RCS	7.8500000000000005	1.13947737531286	0.9428558521947932	1.3771020096310904	7.0
full_Model3_health_status_RCS	7.9	1.1528864295599166	0.943498327589429	1.4087434822055156	7.0
full_Model3_health_status_RCS	7.95	1.1661935257515916	0.9448369872695969	1.439409504315762	7.0
full_Model3_health_status_RCS	8.0	1.179266913730303	0.9469264844675472	1.468615015664032	7.0
full_Model3_health_status_RCS	8.05	1.1919946890967075	0.9498051024179106	1.4959398883178323	7.0
full_Model3_health_status_RCS	8.100000000000001	1.2043631300157234	0.9534455582180617	1.5213144960810963	7.0
full_Model3_health_status_RCS	8.15	1.2163846547978134	0.9578027368813139	1.5447769895138017	7.0
full_Model3_health_status_RCS	8.2	1.2280730148087353	0.9628298370842171	1.566386158398101	7.0
full_Model3_health_status_RCS	8.25	1.2394432423504016	0.968478313121854	1.5862198773002254	7.0
full_Model3_health_status_RCS	8.3	1.250511598791884	0.9746977186267788	1.6043735702143573	7.0
full_Model3_health_status_RCS	8.350000000000001	1.2612955234753205	0.9814355122258651	1.6209586648549605	7.0
full_Model3_health_status_RCS	8.4	1.2718135839009712	0.9886368692469891	1.6361010220335344	7.0
full_Model3_health_status_RCS	8.45	1.2820854276743534	0.9962445363142972	1.649939331096475	7.0
full_Model3_health_status_RCS	8.5	1.292131736676488	1.0041987631790321	1.662623462750605	7.0
full_Model3_health_status_RCS	8.55	1.3019741838963659	1.0124373460174023	1.6743127682920056	7.0
full_Model3_health_status_RCS	8.600000000000001	1.3116353933431517	1.0208958169474611	1.6851743111402928	7.0
full_Model3_health_status_RCS	8.65	1.321138903434836	1.029507814137043	1.6953810143073482	7.0
full_Model3_health_status_RCS	8.7	1.3305091342402726	1.0382056640510209	1.7051097076366977	7.0
full_Model3_health_status_RCS	8.75	1.3397713589332654	1.0469212005608677	1.7145390629746147	7.0
full_Model3_health_status_RCS	8.8	1.3489516798009056	1.0555868333903913	1.7238474153691057	7.0
full_Model3_health_status_RCS	8.850000000000001	1.358077009133947	1.0641368597624263	1.7332104849276355	7.0
full_Model3_health_status_RCS	8.9	1.3671750553150326	1.0725089881650494	1.7427990371191315	7.0
full_Model3_health_status_RCS	8.95	1.3762743144112861	1.080646013376603	1.7527765476039885	7.0
full_Model3_health_status_RCS	9.0	1.3854040675714734	1.0884975505909602	1.7632969678264736	7.0
full_Model3_health_status_RCS	9.05	1.3945893403095202	1.0960259134217691	1.7744830704167127	7.0
full_Model3_health_status_RCS	9.100000000000001	1.4038355116960173	1.1032172708683716	1.7863699163697697	7.0
full_Model3_health_status_RCS	9.15	1.4131429854909314	1.1100646566469008	1.798970073936367	7.0
full_Model3_health_status_RCS	9.2	1.4225121681311634	1.1165631464742136	1.8122941589743358	7.0
full_Model3_health_status_RCS	9.25	1.4319434687483048	1.1227098714308532	1.826350823011547	7.0
full_Model3_health_status_RCS	9.3	1.4414372991865114	1.1285039859075288	1.8411467867481304	7.0
full_Model3_health_status_RCS	9.350000000000001	1.4509940740204608	1.133946593035253	1.8566869160980326	7.0
full_Model3_health_status_RCS	9.4	1.4606142105734972	1.1390406324236382	1.8729743359460571	7.0
full_Model3_health_status_RCS	9.45	1.470298128935816	1.1437907365071587	1.8900105753205072	7.0
full_Model3_health_status_RCS	9.5	1.480046251982832	1.14820306273905	1.907795736742663	7.0
full_Model3_health_status_RCS	9.55	1.489859005393626	1.1522851092579882	1.9263286821278485	7.0
full_Model3_health_status_RCS	9.600000000000001	1.4997368176695551	1.1560455215207677	1.945607227745485	7.0
full_Model3_health_status_RCS	9.65	1.5096801201529462	1.1594938968300388	1.965628341309928	7.0
full_Model3_health_status_RCS	9.7	1.519689347045956	1.162640592806547	1.9863883351518563	7.0
full_Model3_health_status_RCS	9.75	1.529764935429491	1.1654965447705472	2.007883050507292	7.0
full_Model3_health_status_RCS	9.8	1.539907325282326	1.1680730958389363	2.030108029116993	7.0
full_Model3_health_status_RCS	9.850000000000001	1.5501169595003346	1.1703818423931112	2.053058669482914	7.0
full_Model3_health_status_RCS	9.9	1.560394283915755	1.1724344965192286	2.076730366178738	7.0
full_Model3_health_status_RCS	9.95	1.5707397473167624	1.1742427660991874	2.1011186315388564	7.0
full_Model3_health_status_RCS	10.0	1.5811538014669642	1.175818252480029	2.1262191997958415	7.0
full_Model3_health_status_RCS	10.05	1.5916369011251976	1.177172365060827	2.152028114330157	7.0
full_Model3_health_status_RCS	10.100000000000001	1.6021895040653682	1.1783162517158587	2.178541799113065	7.0
full_Model3_health_status_RCS	10.15	1.6128120710964249	1.1792607436971592	2.205757115698861	7.0
full_Model3_health_status_RCS	10.2	1.6235050660825123	1.180016313499829	2.2336714072859847	7.0
full_Model3_health_status_RCS	10.25	1.6342689559631802	1.1805930441227963	2.2622825314115462	7.0
full_Model3_health_status_RCS	10.3	1.6451042107738254	1.1810006081680509	2.2915888828404967	7.0
full_Model3_health_status_RCS	10.350000000000001	1.6560113036662054	1.1812482552998156	2.3215894081250488	7.0
full_Model3_health_status_RCS	10.4	1.6669907109290458	1.1813448066858327	2.352283613214999	7.0
full_Model3_health_status_RCS	10.45	1.678042912008916	1.1812986551750637	2.3836715653638567	7.0
full_Model3_health_status_RCS	10.5	1.6891683895311318	1.1811177700997857	2.415753890444083	7.0
full_Model3_health_status_RCS	10.55	1.7003676293208148	1.1808097057304892	2.448531766643518	7.0
full_Model3_health_status_RCS	10.600000000000001	1.7116411204241289	1.180381612546361	2.4820069153794093	7.0
full_Model3_health_status_RCS	10.65	1.7229893551296294	1.1798402506054313	2.5161815901488707	7.0
full_Model3_health_status_RCS	10.7	1.7344128289897602	1.1791920044166109	2.5510585639126027	7.0
full_Model3_health_status_RCS	10.75	1.7459120408424935	1.178442898816867	2.586641115508559	7.0
full_Model3_health_status_RCS	10.8	1.7574874928331132	1.177598615445123	2.622933015505707	7.0
full_Model3_health_status_RCS	10.850000000000001	1.7691396904361358	1.1766645094823294	2.659938511830733	7.0
full_Model3_health_status_RCS	10.9	1.7808691424774088	1.1756456264006805	2.6976623154189503	7.0
full_Model3_health_status_RCS	10.95	1.7926763611562988	1.1745467185086467	2.736109586112586	7.0
full_Model3_health_status_RCS	11.0	1.8045618620680541	1.1733722611409836	2.775285918949513	7.0
CVD_free_Model2_confounder_RCS	3.0	1.3579444770552016	0.6371979228590714	2.8939410136347297	7.0
CVD_free_Model2_confounder_RCS	3.05	1.360117396731215	0.646497627120321	2.861447985711794	7.0
CVD_free_Model2_confounder_RCS	3.1	1.362293793412362	0.6558899402402286	2.829505783988873	7.0
CVD_free_Model2_confounder_RCS	3.15	1.3644736726623852	0.6653726206806649	2.7981139372464714	7.0
CVD_free_Model2_confounder_RCS	3.2	1.3666570400539297	0.6749431165101252	2.767272410727592	7.0
CVD_free_Model2_confounder_RCS	3.25	1.3688439011685571	0.6845985384924157	2.736981632903548	7.0
CVD_free_Model2_confounder_RCS	3.3	1.371034261596761	0.6943356309971376	2.7072425244440965	7.0
CVD_free_Model2_confounder_RCS	3.35	1.3732281269379805	0.7041507405901934	2.678056529533751	7.0
CVD_free_Model2_confounder_RCS	3.4	1.3754255028006144	0.7140397821644832	2.649425649674148	7.0
CVD_free_Model2_confounder_RCS	3.45	1.3776263948020362	0.7239982024768084	2.6213524801065367	7.0
CVD_free_Model2_confounder_RCS	3.5	1.3798308085686077	0.7340209409680079	2.5938402489774206	7.0
CVD_free_Model2_confounder_RCS	3.55	1.3820387497356943	0.7441023877609586	2.566892859352838	7.0
CVD_free_Model2_confounder_RCS	3.6	1.3842502239476782	0.7542363387571729	2.5405149341605813	7.0
CVD_free_Model2_confounder_RCS	3.65	1.3864652368579733	0.7644159477894104	2.514711864103087	7.0
CVD_free_Model2_confounder_RCS	3.7	1.388683794129041	0.7746336758377141	2.4894898585336454	7.0
CVD_free_Model2_confounder_RCS	3.75	1.3909059014324023	0.7848812373825647	2.4648559992223604	7.0
CVD_free_Model2_confounder_RCS	3.8	1.3931315644486544	0.7951495440550581	2.440818296852055	7.0
CVD_free_Model2_confounder_RCS	3.85	1.3953607888674835	0.8054286458541751	2.417385749974183	7.0
CVD_free_Model2_confounder_RCS	3.9	1.3975935803876804	0.8157076703398602	2.394568406016137	7.0
CVD_free_Model2_confounder_RCS	3.95	1.3998299447171556	0.8259747603826437	2.372377423759365	7.0
CVD_free_Model2_confounder_RCS	4.0	1.4020698875729525	0.8362170112609311	2.3508251364972867	7.0
CVD_free_Model2_confounder_RCS	4.05	1.404313414681262	0.8464204081507644	2.3299251148283706	7.0
CVD_free_Model2_confounder_RCS	4.1	1.4065605317774392	0.8565697653540427	2.3096922277385112	7.0
CVD_free_Model2_confounder_RCS	4.15	1.4088112446060157	0.8666486689627395	2.2901427002753327	7.0
CVD_free_Model2_confounder_RCS	4.2	1.4110655589207155	0.876639425059169	2.271294165714531	7.0
CVD_free_Model2_confounder_RCS	4.25	1.4133234804844694	0.8865230160026866	2.2531657096680284	7.0
CVD_free_Model2_confounder_RCS	4.3	1.4155850150694296	0.8962790678430784	2.23577790309386	7.0
CVD_free_Model2_confounder_RCS	4.35	1.417850168456985	0.9058858324146942	2.2191528206539286	7.0
CVD_free_Model2_confounder_RCS	4.4	1.4201189464377755	0.9153201881782219	2.2033140403529026	7.0
CVD_free_Model2_confounder_RCS	4.45	1.4223913548117064	0.9245576643522313	2.188286619916331	7.0
CVD_free_Model2_confounder_RCS	4.5	1.4246673993879648	0.9335724932641981	2.1740970449784602	7.0
CVD_free_Model2_confounder_RCS	4.55	1.4269470859850324	0.9423376960858627	2.1607731439151143	7.0
CVD_free_Model2_confounder_RCS	4.6	1.4292304204307016	0.9508252071217244	2.1483439641530393	7.0
CVD_free_Model2_confounder_RCS	4.65	1.4315174085620905	0.9590060415022158	2.1368396051043943	7.0
CVD_free_Model2_confounder_RCS	4.7	1.4338080562256572	0.9668505104000867	2.1262910036080935	7.0
CVD_free_Model2_confounder_RCS	4.75	1.4361023692772155	0.9743284866512625	2.1167296689969555	7.0
CVD_free_Model2_confounder_RCS	4.8	1.4384003535819483	0.981409721852876	2.1081873667182185	7.0
CVD_free_Model2_confounder_RCS	4.85	1.4407020150144247	0.9880642136053199	2.1006957518408074	7.0
CVD_free_Model2_confounder_RCS	4.9	1.4430073594586141	0.9942626185984534	2.0942859567494967	7.0
CVD_free_Model2_confounder_RCS	4.95	1.4453163928079003	0.9999767038336044	2.088988140734566	7.0
CVD_free_Model2_confounder_RCS	5.0	1.447629120965098	1.0051798246373476	2.084831012821264	7.0
CVD_free_Model2_confounder_RCS	5.050000000000001	1.449926421731105	1.0098423125922182	2.0817969322730137	7.0
CVD_free_Model2_confounder_RCS	5.1	1.4521124226842508	1.0139208716972354	2.0796795361202283	7.0
CVD_free_Model2_confounder_RCS	5.15	1.4540715091440424	1.0173816243837202	2.0782014369339397	7.0
CVD_free_Model2_confounder_RCS	5.2	1.4556875258362183	1.020206150513228	2.077056849548659	7.0
CVD_free_Model2_confounder_RCS	5.25	1.4568440036272883	1.0223907647047055	2.0759131676211804	7.0
CVD_free_Model2_confounder_RCS	5.300000000000001	1.4574244789575532	1.0239452723069145	2.074413710685143	7.0
CVD_free_Model2_confounder_RCS	5.35	1.4573129057001302	1.024891333684468	2.072181542881497	7.0
CVD_free_Model2_confounder_RCS	5.4	1.4563941583608035	1.0252605828252697	2.0688242384804134	7.0
CVD_free_Model2_confounder_RCS	5.45	1.4545546245201322	1.0250926434314231	2.0639394588089646	7.0
CVD_free_Model2_confounder_RCS	5.5	1.4516828832132465	1.0244331675483753	2.057121206313159	7.0
CVD_free_Model2_confounder_RCS	5.550000000000001	1.4476704645571603	1.023331994092374	2.047966628669645	7.0
CVD_free_Model2_confounder_RCS	5.6	1.4424126843885885	1.0218414931509996	2.0360832536457263	7.0
CVD_free_Model2_confounder_RCS	5.65	1.4358095459918454	1.0200151313677948	2.021096539613941	7.0
CVD_free_Model2_confounder_RCS	5.7	1.4277666992075673	1.0179062671032821	2.0026576250161088	7.0
CVD_free_Model2_confounder_RCS	5.75	1.4181964453568459	1.0155671626509595	1.980451152410932	7.0
CVD_free_Model2_confounder_RCS	5.800000000000001	1.4070187745368443	1.0130481843174286	1.9542030305627034	7.0
CVD_free_Model2_confounder_RCS	5.85	1.3941624199946867	1.010397148182215	1.923687984296365	7.0
CVD_free_Model2_confounder_RCS	5.9	1.3795659125240125	1.007658757321045	1.8887367307341743	7.0
CVD_free_Model2_confounder_RCS	5.95	1.3631786162158557	1.0048740614354632	1.8492426175810084	7.0
CVD_free_Model2_confounder_RCS	6.0	1.3449617254989286	1.0020798462496265	1.8051675720523745	7.0
CVD_free_Model2_confounder_RCS	6.050000000000001	1.3249571758901246	0.9993100447923313	1.756723578524172	7.0
CVD_free_Model2_confounder_RCS	6.1	1.303483510849055	0.9966010988750182	1.7048639269747137	7.0
CVD_free_Model2_confounder_RCS	6.15	1.2809150700700074	0.9939851666962453	1.6506719332501383	7.0
CVD_free_Model2_confounder_RCS	6.2	1.2576086956434307	0.991489486752951	1.5951552209973687	7.0
CVD_free_Model2_confounder_RCS	6.25	1.2339013528640788	0.9891378577610148	1.5392319044851048	7.0
CVD_free_Model2_confounder_RCS	6.300000000000001	1.2101086658851155	0.9869519162909037	1.483722721521758	7.0
CVD_free_Model2_confounder_RCS	6.35	1.1865242891353391	0.9849523327363754	1.429348245510408	7.0
CVD_free_Model2_confounder_RCS	6.4	1.1634200279531084	0.9831600452265878	1.3767302363578668	7.0
CVD_free_Model2_confounder_RCS	6.45	1.1410466199617633	0.9815976690907636	1.326396170166309	7.0
CVD_free_Model2_confounder_RCS	6.5	1.1196350915152409	0.9802912612813048	1.2787859972492535	7.0
CVD_free_Model2_confounder_RCS	6.550000000000001	1.099398610280387	0.9792726941994941	1.2342601927387333	7.0
CVD_free_Model2_confounder_RCS	6.6	1.0805347649538977	0.978583016764469	1.1931081556415246	7.0
CVD_free_Model2_confounder_RCS	6.65	1.063228215598908	0.9782773728610629	1.1555559494742473	7.0
CVD_free_Model2_confounder_RCS	6.7	1.0476536726254897	0.9784323284784973	1.1217722328047521	7.0
CVD_free_Model2_confounder_RCS	6.75	1.0339791786855563	0.979156825086431	1.0918710001953837	7.0
CVD_free_Model2_confounder_RCS	6.800000000000001	1.0223696855377133	0.9806083358143437	1.0659095336350226	7.0
CVD_free_Model2_confounder_RCS	6.85	1.012990937285646	0.9830158343745135	1.0438800710425835	7.0
CVD_free_Model2_confounder_RCS	6.9	1.0060136925388175	0.9867101644273251	1.025694865688321	7.0
CVD_free_Model2_confounder_RCS	6.95	1.0016183414521138	0.992159245256953	1.0111676192398538	7.0
CVD_free_Model2_confounder_RCS	7.0	1.0	1.0	1.0	7.0
CVD_free_Model2_confounder_RCS	7.05	1.0013011050986407	0.9917292889161706	1.0109653050253997	7.0
CVD_free_Model2_confounder_RCS	7.1000000000000005	1.0053960287924906	0.9856721969515788	1.0255145451377352	7.0
CVD_free_Model2_confounder_RCS	7.15	1.0121072143750673	0.9812614980827303	1.0439225582492941	7.0
CVD_free_Model2_confounder_RCS	7.2	1.0212730491511355	0.9780980345928092	1.066353886864385	7.0
CVD_free_Model2_confounder_RCS	7.25	1.0327431621249004	0.9759116017245814	1.0928842704922972	7.0
CVD_free_Model2_confounder_RCS	7.3	1.0463741491852012	0.9745242206845629	1.123521444458233	7.0
CVD_free_Model2_confounder_RCS	7.3500000000000005	1.0620256422506233	0.973821218036755	1.1582192335793597	7.0
CVD_free_Model2_confounder_RCS	7.4	1.0795566614605998	0.9737305383537943	1.1968840858932839	7.0
CVD_free_Model2_confounder_RCS	7.45	1.0988222094877709	0.9742086861839715	1.2393753670921148	7.0
CVD_free_Model2_confounder_RCS	7.5	1.1196700851138026	0.9752314004967118	1.2855011629652475	7.0
CVD_free_Model2_confounder_RCS	7.55	1.1419379098589655	0.9767875113555943	1.3350111204465844	7.0
CVD_free_Model2_confounder_RCS	7.6000000000000005	1.1654503770062796	0.9788748742121146	1.3875875426441397	7.0
CVD_free_Model2_confounder_RCS	7.65	1.1900167469713394	0.9814976415267541	1.4428357218152796	7.0
CVD_free_Model2_confounder_RCS	7.7	1.2154286266437015	0.9846643874576578	1.500274372955851	7.0
CVD_free_Model2_confounder_RCS	7.75	1.2414580829257569	0.9883867689956047	1.5593269962808955	7.0
CVD_free_Model2_confounder_RCS	7.800000000000001	1.267856151945053	0.9926785121685325	1.6193150172187976	7.0
CVD_free_Model2_confounder_RCS	7.8500000000000005	1.2943518149141509	0.9975545753279665	1.6794535980357281	7.0
CVD_free_Model2_confounder_RCS	7.9	1.3206515188434726	1.0030303767413715	1.7388510604133856	7.0
CVD_free_Model2_confounder_RCS	7.95	1.346439324669	1.0091209887849275	1.7965128811739475	7.0
CVD_free_Model2_confounder_RCS	8.0	1.3713777661643256	1.015840199673189	1.8513512047809273	7.0
CVD_free_Model2_confounder_RCS	8.05	1.3951720593347214	1.0231919216384633	1.9023851087792985	7.0
CVD_free_Model2_confounder_RCS	8.100000000000001	1.417768319566465	1.0311466194380092	1.949351304726999	7.0
CVD_free_Model2_confounder_RCS	8.15	1.4391814505213336	1.0396630187539833	1.9922255674795821	7.0
CVD_free_Model2_confounder_RCS	8.2	1.4594344102419612	1.0486955996859262	2.0310458043651556	7.0
CVD_free_Model2_confounder_RCS	8.25	1.4785578139272786	1.0581945517063618	2.065908585146489	7.0
CVD_free_Model2_confounder_RCS	8.3	1.496589507808294	1.0681056248398324	2.0969650405293367	7.0
CVD_free_Model2_confounder_RCS	8.350000000000001	1.513574122962437	1.0783699504502535	2.1244162309465175	7.0
CVD_free_Model2_confounder_RCS	8.4	1.5295626176117043	1.0889238919898412	2.1485080990554617	7.0
CVD_free_Model2_confounder_RCS	8.45	1.544611816063042	1.0996989825393246	2.169526115967151	7.0
CVD_free_Model2_confounder_RCS	8.5	1.5587839519878384	1.110622007658636	2.1877897180312824	7.0
CVD_free_Model2_confounder_RCS	8.55	1.5721462232218197	1.1216152960522947	2.2036466120691998	7.0
CVD_free_Model2_confounder_RCS	8.600000000000001	1.584770364715293	1.1325972842671532	2.2174670059401627	7.0
CVD_free_Model2_confounder_RCS	8.65	1.5967322456951683	1.1434834223378583	2.2296378020331575	7.0
CVD_free_Model2_confounder_RCS	8.7	1.608111496531212	1.154187481854233	2.2405567777613906	7.0
CVD_free_Model2_confounder_RCS	8.75	1.618991170245155	1.1646233129859305	2.2506267735715864	7.0
CVD_free_Model2_confounder_RCS	8.8	1.6294574430767086	1.174707069487827	2.26024991911875	7.0
CVD_free_Model2_confounder_RCS	8.850000000000001	1.6395993580377166	1.1843598788046124	2.269821954447671	7.0
CVD_free_Model2_confounder_RCS	8.9	1.6495086149559035	1.19351087882009	2.2797267449322423	7.0
CVD_free_Model2_confounder_RCS	8.95	1.6592794101427195	1.2021004781300217	2.2903311420410057	7.0
CVD_free_Model2_confounder_RCS	9.0	1.6690083285240733	1.210083632076768	2.3019803977532045	7.0
CVD_free_Model2_confounder_RCS	9.05	1.6787775683406048	1.2174325490977724	2.3149488865335535	7.0
CVD_free_Model2_confounder_RCS	9.100000000000001	1.6886039906438512	1.2241326509910424	2.3293091928476017	7.0
CVD_free_Model2_confounder_RCS	9.15	1.6984879301412323	1.230175013393747	2.3450819740492315	7.0
CVD_free_Model2_confounder_RCS	9.2	1.7084297234992694	1.2355554440256298	2.3622834039936818	7.0
CVD_free_Model2_confounder_RCS	9.25	1.7184297093551275	1.240274415074063	2.3809252453361376	7.0
CVD_free_Model2_confounder_RCS	9.3	1.7284882283281207	1.2443368755646191	2.401015041938081	7.0
CVD_free_Model2_confounder_RCS	9.350000000000001	1.7386056230313043	1.2477519576900469	2.4225564174085217	7.0
CVD_free_Model2_confounder_RCS	9.4	1.7487822380831732	1.2505325962284224	2.4455494606528227	7.0
CVD_free_Model2_confounder_RCS	9.45	1.7590184201193815	1.2526950834017097	2.469991176078613	7.0
CVD_free_Model2_confounder_RCS	9.5	1.7693145178045464	1.2542585826963661	2.495875974939824	7.0
CVD_free_Model2_confounder_RCS	9.55	1.77967088184414	1.2552446244573063	2.5231961850091342	7.0
CVD_free_Model2_confounder_RCS	9.600000000000001	1.7900878649964036	1.2556766038317888	2.551942558003293	7.0
CVD_free_Model2_confounder_RCS	9.65	1.8005658220844079	1.2555792983471223	2.582104757482385	7.0
CVD_free_Model2_confounder_RCS	9.7	1.8111051100081226	1.2549784185613138	2.6136718137812975	7.0
CVD_free_Model2_confounder_RCS	9.75	1.821706087756548	1.2539002012464069	2.6466325365212375	7.0
CVD_free_Model2_confounder_RCS	9.8	1.8323691164199525	1.2523710508375565	2.6809758789650786	7.0
CVD_free_Model2_confounder_RCS	9.850000000000001	1.8430945592022199	1.2504172316066577	2.716691251764047	7.0
CVD_free_Model2_confounder_RCS	9.9	1.853882781433137	1.2480646103631727	2.7537687862923783	7.0
CVD_free_Model2_confounder_RCS	9.95	1.8647341505809352	1.2453384474596458	2.7921995497978704	7.0
CVD_free_Model2_confounder_RCS	10.0	1.8756490362647025	1.2422632324756169	2.831975715992029	7.0
CVD_free_Model2_confounder_RCS	10.05	1.8866278102670555	1.2388625600768877	2.8730906955910913	7.0
CVD_free_Model2_confounder_RCS	10.100000000000001	1.8976708465467733	1.235159041128553	2.915539231727767	7.0
CVD_free_Model2_confounder_RCS	10.15	1.9087785212515083	1.2311742440549058	2.9593174652446765	7.0
CVD_free_Model2_confounder_RCS	10.2	1.9199512127306664	1.2269286616098465	3.004422974706041	7.0
CVD_free_Model2_confounder_RCS	10.25	1.9311893015482333	1.2224416985488398	3.050854795645168	7.0
CVD_free_Model2_confounder_RCS	10.3	1.9424931704957296	1.217731676137856	3.098613423106347	7.0
CVD_free_Model2_confounder_RCS	10.350000000000001	1.9538632046053535	1.2128158499027133	3.1477008010877583	7.0
CVD_free_Model2_confounder_RCS	10.4	1.9652997911629364	1.2077104375183174	3.1981203019838107	7.0
CVD_free_Model2_confounder_RCS	10.45	1.9768033197212456	1.2024306542044754	3.249876698666082	7.0
CVD_free_Model2_confounder_RCS	10.5	1.9883741821132532	1.1969907534331852	3.3029761313985255	7.0
CVD_free_Model2_confounder_RCS	10.55	2.00001277246542	1.1914040711438343	3.3574260713953055	7.0
CVD_free_Model2_confounder_RCS	10.600000000000001	2.0117194872111837	1.185683072011541	3.4132352824767622	7.0
CVD_free_Model2_confounder_RCS	10.65	2.023494725104419	1.1798393966095506	3.4704137819873377	7.0
CVD_free_Model2_confounder_RCS	10.7	2.0353388872330207	1.173883908562618	3.5289728018807525	7.0
CVD_free_Model2_confounder_RCS	10.75	2.0472523770325934	1.1678267409996805	3.5889247506679176	7.0
CVD_free_Model2_confounder_RCS	10.8	2.059235600300202	1.1616773417907458	3.650283176744244	7.0
CVD_free_Model2_confounder_RCS	10.850000000000001	2.071288965208112	1.155444517194225	3.713062733475866	7.0
CVD_free_Model2_confounder_RCS	10.9	2.083412882317833	1.1491364736599403	3.7772791462995547	7.0
CVD_free_Model2_confounder_RCS	10.95	2.0956077645939635	1.1427608576213528	3.8429491820078	7.0
CVD_free_Model2_confounder_RCS	11.0	2.107874027418294	1.136324793183575	3.910090620320404	7.0
CVD_free_Model3_health_status_RCS	3.0	1.2122468470754055	0.5529295765311008	2.65773885250214	7.0
CVD_free_Model3_health_status_RCS	3.05	1.2159572873368554	0.5621706148389934	2.6300772142831823	7.0
CVD_free_Model3_health_status_RCS	3.1	1.219679084498896	0.5715291475978833	2.6028717440159737	7.0
CVD_free_Model3_health_status_RCS	3.15	1.223412273322683	0.5810038747494277	2.5761232507478202	7.0
CVD_free_Model3_health_status_RCS	3.2	1.2271568886757689	0.59059321024384	2.549832953214348	7.0
CVD_free_Model3_health_status_RCS	3.25	1.230912965532428	0.6002952549092092	2.524002507640998	7.0
CVD_free_Model3_health_status_RCS	3.3	1.2346805389739848	0.6101077669520878	2.498634037944979	7.0
CVD_free_Model3_health_status_RCS	3.35	1.2384596441891396	0.6200281299085487	2.473730168518831	7.0
CVD_free_Model3_health_status_RCS	3.4	1.2422503164742984	0.6300533178601453	2.4492940597815247	7.0
CVD_free_Model3_health_status_RCS	3.45	1.246052591233903	0.6401798577273732	2.425329446684863	7.0
CVD_free_Model3_health_status_RCS	3.5	1.2498665039807602	0.6504037884554721	2.40184068036073	7.0
CVD_free_Model3_health_status_RCS	3.55	1.253692090336374	0.6607206169151347	2.378832773087005	7.0
CVD_free_Model3_health_status_RCS	3.6	1.2575293860312795	0.6711252703556826	2.356311446734986	7.0
CVD_free_Model3_health_status_RCS	3.65	1.2613784269053752	0.6816120452727299	2.334283184836691	7.0
CVD_free_Model3_health_status_RCS	3.7	1.2652392489082578	0.6921745525889627	2.3127552883738582	7.0
CVD_free_Model3_health_status_RCS	3.75	1.269111888099559	0.7028056590986783	2.2917359353383966	7.0
CVD_free_Model3_health_status_RCS	3.8	1.2729963806492819	0.7134974251980524	2.271234244042784	7.0
CVD_free_Model3_health_status_RCS	3.85	1.2768927628381375	0.7242410390183016	2.251260340063676	7.0
CVD_free_Model3_health_status_RCS	3.9	1.2808010710578854	0.7350267472033303	2.231825426577611	7.0
CVD_free_Model3_health_status_RCS	3.95	1.2847213418116734	0.7458437827330541	2.212941857688076	7.0
CVD_free_Model3_health_status_RCS	4.0	1.2886536117143768	0.7566802903950413	2.194623214141789	7.0
CVD_free_Model3_health_status_RCS	4.05	1.2925979174929425	0.7675232507573824	2.1768843805817717	7.0
CVD_free_Model3_health_status_RCS	4.1	1.296554295986731	0.7783584038017716	2.1597416231787356	7.0
CVD_free_Model3_health_status_RCS	4.15	1.3005227841478604	0.7891701737440703	2.143212666114031	7.0
CVD_free_Model3_health_status_RCS	4.2	1.304503419041551	0.79994159700489	2.127316764952147	7.0
CVD_free_Model3_health_status_RCS	4.25	1.3084962378464735	0.810654255796953	2.1120747744365453	7.0
CVD_free_Model3_health_status_RCS	4.3	1.3125012778550942	0.821288220366403	2.0975092076722124	7.0
CVD_free_Model3_health_status_RCS	4.35	1.3165185764740237	0.8318220035521698	2.0836442830313837	7.0
CVD_free_Model3_health_status_RCS	4.4	1.3205481712243676	0.8422325319914848	2.07050595445493	7.0
CVD_free_Model3_health_status_RCS	4.45	1.3245900997420748	0.8524951389682841	2.058121920153254	7.0
CVD_free_Model3_health_status_RCS	4.5	1.328644399778291	0.8625835845259906	2.0465216040858065	7.0
CVD_free_Model3_health_status_RCS	4.55	1.3327111091997101	0.8724701089792869	2.035736104085244	7.0
CVD_free_Model3_health_status_RCS	4.6	1.3367902659889284	0.8821255262727914	2.025798100178919	7.0
CVD_free_Model3_health_status_RCS	4.65	1.340881908244799	0.89151936363973	2.016741716655282	7.0
CVD_free_Model3_health_status_RCS	4.7	1.3449860741827877	0.9006200535873714	2.0086023318490684	7.0
CVD_free_Model3_health_status_RCS	4.75	1.3491028021353304	0.9093951832492349	2.0014163306059403	7.0
CVD_free_Model3_health_status_RCS	4.8	1.3532321305521906	0.9178118044789971	1.9952207960523418	7.0
CVD_free_Model3_health_status_RCS	4.85	1.3573740980008187	0.9258368056341336	1.9900531397232328	7.0
CVD_free_Model3_health_status_RCS	4.9	1.361528743166712	0.933437342788286	1.9859506723094325	7.0
CVD_free_Model3_health_status_RCS	4.95	1.3656961048537766	0.940581324194382	1.9829501212032654	7.0
CVD_free_Model3_health_status_RCS	5.0	1.3698762219846894	0.9472379373909424	1.9810871054508397	7.0
CVD_free_Model3_health_status_RCS	5.050000000000001	1.3740511763848589	0.9533732545463441	1.9803541019440636	7.0
CVD_free_Model3_health_status_RCS	5.1	1.378130788017461	0.9589401312136667	1.9805662596244467	7.0
CVD_free_Model3_health_status_RCS	5.15	1.3820057625165112	0.9639009122416147	1.9814691566036111	7.0
CVD_free_Model3_health_status_RCS	5.2	1.385565657762746	0.9682335729472168	1.9827779635112577	7.0
CVD_free_Model3_health_status_RCS	5.25	1.3886990899068405	0.9719312261087384	1.984178623449568	7.0
CVD_free_Model3_health_status_RCS	5.300000000000001	1.391294028073236	0.9750010486569032	1.9853302467917764	7.0
CVD_free_Model3_health_status_RCS	5.35	1.3932381783963839	0.9774627524569109	1.985868634750707	7.0
CVD_free_Model3_health_status_RCS	5.4	1.3944194572871358	0.9793467483567235	1.9854108119759721	7.0
CVD_free_Model3_health_status_RCS	5.45	1.3947265528758053	0.9806921561516788	1.9835604323891038	7.0
CVD_free_Model3_health_status_RCS	5.5	1.39404957243479	0.9815447985435856	1.9799139206780947	7.0
CVD_free_Model3_health_status_RCS	5.550000000000001	1.392280772256791	0.9819552903271299	1.9740672186308903	7.0
CVD_free_Model3_health_status_RCS	5.6	1.3893153649691414	0.9819773013357076	1.965623014619422	7.0
CVD_free_Model3_health_status_RCS	5.65	1.3850523976210478	0.9816660386673719	1.9541983409755446	7.0
CVD_free_Model3_health_status_RCS	5.7	1.3793956921156363	0.9810769641961793	1.939432424637685	7.0
CVD_free_Model3_health_status_RCS	5.75	1.372254837706485	0.9802647391984182	1.9209946704282006	7.0
CVD_free_Model3_health_status_RCS	5.800000000000001	1.3635462233796671	0.9792823691686583	1.898592644807169	7.0
CVD_free_Model3_health_status_RCS	5.85	1.3531940960450148	0.9781805072334677	1.8719799137584308	7.0
CVD_free_Model3_health_status_RCS	5.9	1.3411316286186108	0.9770068614701996	1.8409635758080796	7.0
CVD_free_Model3_health_status_RCS	5.95	1.3273019803524009	0.975805636056918	1.8054113257290563	7.0
CVD_free_Model3_health_status_RCS	6.0	1.3116593302208457	0.9746169124997415	1.7652578941429502	7.0
CVD_free_Model3_health_status_RCS	6.050000000000001	1.294234481300576	0.9734762766976499	1.7206817800117993	7.0
CVD_free_Model3_health_status_RCS	6.1	1.2753219900017672	0.9724147546033852	1.6725848414809787	7.0
CVD_free_Model3_health_status_RCS	6.15	1.2552717306167234	0.9714572631281244	1.6220035378722426	7.0
CVD_free_Model3_health_status_RCS	6.2	1.2344193379362112	0.9706237696849178	1.569909113564697	7.0
CVD_free_Model3_health_status_RCS	6.25	1.2130837984362501	0.9699307916669747	1.5171930973542949	7.0
CVD_free_Model3_health_status_RCS	6.300000000000001	1.1915658712617874	0.9693926846874383	1.464658489777709	7.0
CVD_free_Model3_health_status_RCS	6.35	1.170147276011581	0.969022842040179	1.413015863149849	7.0
CVD_free_Model3_health_status_RCS	6.4	1.1490905761952066	0.9688349255289375	1.3628835186548955	7.0
CVD_free_Model3_health_status_RCS	6.45	1.128639684039937	0.9688442642201521	1.314790811519234	7.0
CVD_free_Model3_health_status_RCS	6.5	1.1090209134332043	0.9690695971845742	1.2691837511005521	7.0
CVD_free_Model3_health_status_RCS	6.550000000000001	1.0904445125412987	0.9695354077286784	1.226431985312483	7.0
CVD_free_Model3_health_status_RCS	6.6	1.073106615427167	0.9702752142071134	1.186836261724542	7.0
CVD_free_Model3_health_status_RCS	6.65	1.0571915622546542	0.9713363657514347	1.1506353913124718	7.0
CVD_free_Model3_health_status_RCS	6.7	1.0428745499736505	0.9727871597264199	1.1180115980237753	7.0
CVD_free_Model3_health_status_RCS	6.75	1.0303245894197843	0.9747274505416382	1.0890929140993748	7.0
CVD_free_Model3_health_status_RCS	6.800000000000001	1.0197077603710343	0.9773042775114358	1.0639510544337543	7.0
CVD_free_Model3_health_status_RCS	6.85	1.0111907732834344	0.9807341201906961	1.0425932563401912	7.0
CVD_free_Model3_health_status_RCS	6.9	1.0049448653617925	0.9853325279107679	1.024947572327065	7.0
CVD_free_Model3_health_status_RCS	6.95	1.0011500796936499	0.9915490333533552	1.0108440917751513	7.0
CVD_free_Model3_health_status_RCS	7.0	1.0	1.0	1.0	7.0
CVD_free_Model3_health_status_RCS	7.05	1.0016355956213818	0.991964074547867	1.0114014127710103	7.0
CVD_free_Model3_health_status_RCS	7.1000000000000005	1.005934267391895	0.9860571851301435	1.026212034730738	7.0
CVD_free_Model3_health_status_RCS	7.15	1.0127208441727178	0.9817097349779526	1.044711559517066	7.0
CVD_free_Model3_health_status_RCS	7.2	1.0218340692669081	0.9785173119318721	1.0670683618802093	7.0
CVD_free_Model3_health_status_RCS	7.25	1.0331221716977694	0.9762042448677618	1.093358717978223	7.0
CVD_free_Model3_health_status_RCS	7.3	1.0464388371033249	0.9745881086643652	1.1235867030009843	7.0
CVD_free_Model3_health_status_RCS	7.3500000000000005	1.0616395063445265	0.9735510777168437	1.157698314170281	7.0
CVD_free_Model3_health_status_RCS	7.4	1.0785779508661395	0.9730190679482478	1.1955884878470595	7.0
CVD_free_Model3_health_status_RCS	7.45	1.0971030924403042	0.972947376258574	1.2371020517785913	7.0
CVD_free_Model3_health_status_RCS	7.5	1.117056051759136	0.9733110607614341	1.2820302502218843	7.0
CVD_free_Model3_health_status_RCS	7.55	1.1382674258299992	0.974098556355476	1.3301043557165815	7.0
CVD_free_Model3_health_status_RCS	7.6000000000000005	1.16055480850344	0.9753074249011698	1.3809876036542423	7.0
CVD_free_Model3_health_status_RCS	7.65	1.18372058181593	0.9769414902031384	1.4342664631054711	7.0
CVD_free_Model3_health_status_RCS	7.7	1.2075500181040102	0.9790088620345313	1.489442131496827	7.0
CVD_free_Model3_health_status_RCS	7.75	1.2318097438585136	0.9815205228804577	1.545923095537331	7.0
CVD_free_Model3_health_status_RCS	7.800000000000001	1.2562466257315408	0.9844892588983984	1.6030196067631766	7.0
CVD_free_Model3_health_status_RCS	7.8500000000000005	1.2805871465699017	0.9879287823442244	1.6599409484444503	7.0
CVD_free_Model3_health_status_RCS	7.9	1.3045373443196375	0.9918529298860148	1.7157963962662366	7.0
CVD_free_Model3_health_status_RCS	7.95	1.3277833885507355	0.9962748379615625	1.7696007765472568	7.0
CVD_free_Model3_health_status_RCS	8.0	1.3499928675745339	1.0012059965383409	1.8202854845090028	7.0
CVD_free_Model3_health_status_RCS	8.05	1.370878732864434	1.0066483363492864	1.8668967427448413	7.0
CVD_free_Model3_health_status_RCS	8.100000000000001	1.3903948047020658	1.01257281178797	1.9091937788937023	7.0
CVD_free_Model3_health_status_RCS	8.15	1.4085639851537006	1.0189393642563456	1.9471742577342657	7.0
CVD_free_Model3_health_status_RCS	8.2	1.425417820321508	1.0257039005333177	1.980899128329014	7.0
CVD_free_Model3_health_status_RCS	8.25	1.4409959575944122	1.03281837293325	2.010488391977548	7.0
CVD_free_Model3_health_status_RCS	8.3	1.4553455745925727	1.0402307484160704	2.0361162604655267	7.0
CVD_free_Model3_health_status_RCS	8.350000000000001	1.4685207906449032	1.0478849420666458	2.0580058229514804	7.0
CVD_free_Model3_health_status_RCS	8.4	1.4805820711088802	1.0557207752213713	2.0764233505108396	7.0
CVD_free_Model3_health_status_RCS	8.45	1.4915956342015628	1.0636740132648888	2.0916723622306845	7.0
CVD_free_Model3_health_status_RCS	8.5	1.5016328692871719	1.0716765382166653	2.104087561603165	7.0
CVD_free_Model3_health_status_RCS	8.55	1.5107697747868778	1.079656713667971	2.114028731091198	7.0
CVD_free_Model3_health_status_RCS	8.600000000000001	1.5190864230653645	1.0875400018680865	2.1218746499233854	7.0
CVD_free_Model3_health_status_RCS	8.65	1.5266664588297871	1.0952498921665053	2.1280170791941573	7.0
CVD_free_Model3_health_status_RCS	8.7	1.533596636771003	1.1027091936911781	2.1328548431183245	7.0
CVD_free_Model3_health_status_RCS	8.75	1.5399664034035163	1.1098417300182333	2.1367880297424042	7.0
CVD_free_Model3_health_status_RCS	8.8	1.545867527335785	1.1165744469530863	2.140212341946653	7.0
CVD_free_Model3_health_status_RCS	8.850000000000001	1.5513937815408838	1.1228399049125353	2.1435136521899847	7.0
CVD_free_Model3_health_status_RCS	8.9	1.55664068061074	1.1285790757193968	2.1470628515664067	7.0
CVD_free_Model3_health_status_RCS	8.95	1.561705275475544	1.1337443044362574	2.1512111310326487	7.0
CVD_free_Model3_health_status_RCS	9.0	1.5666860076614169	1.1383022388835646	2.15628588151546	7.0
CVD_free_Model3_health_status_RCS	9.05	1.5716658487166093	1.1422353239813612	2.1625434690745102	7.0
CVD_free_Model3_health_status_RCS	9.100000000000001	1.5766615186084731	1.1455352197507513	2.170043750205827	7.0
CVD_free_Model3_health_status_RCS	9.15	1.581673067650289	1.1481981200345277	2.1787961931648576	7.0
CVD_free_Model3_health_status_RCS	9.2	1.5867005463152313	1.150224685744283	2.1888059392917327	7.0
CVD_free_Model3_health_status_RCS	9.25	1.5917440052369305	1.1516199345336287	2.200073915213839	7.0
CVD_free_Model3_health_status_RCS	9.3	1.5968034952099572	1.1523930194530025	2.212597056102458	7.0
CVD_free_Model3_health_status_RCS	9.350000000000001	1.6018790671903227	1.1525569110631186	2.226368625507303	7.0
CVD_free_Model3_health_status_RCS	9.4	1.6069707722960287	1.1521280021376545	2.241378612638875	7.0
CVD_free_Model3_health_status_RCS	9.45	1.6120786618075513	1.1511256568471135	2.257614185208265	7.0
CVD_free_Model3_health_status_RCS	9.5	1.6172027871683574	1.1495717271222963	2.275060175124568	7.0
CVD_free_Model3_health_status_RCS	9.55	1.6223431999854367	1.1474900579135408	2.293699575336363	7.0
CVD_free_Model3_health_status_RCS	9.600000000000001	1.6274999520298077	1.144906000671887	2.313514028490205	7.0
CVD_free_Model3_health_status_RCS	9.65	1.632673095237067	1.1418459510281975	2.334484291432372	7.0
CVD_free_Model3_health_status_RCS	9.7	1.6378626817078845	1.1383369228266316	2.3565906633952705	7.0
CVD_free_Model3_health_status_RCS	9.75	1.6430687637085248	1.1344061667872671	2.3798133695979145	7.0
CVD_free_Model3_health_status_RCS	9.8	1.6482913936713908	1.1300808384806669	2.404132895575731	7.0
CVD_free_Model3_health_status_RCS	9.850000000000001	1.6535306241955667	1.1253877171932194	2.429530270662398	7.0
CVD_free_Model3_health_status_RCS	9.9	1.6587865080472832	1.1203529747735472	2.455987301534023	7.0
CVD_free_Model3_health_status_RCS	9.95	1.6640590981605459	1.115001991698032	2.483486758578654	7.0
CVD_free_Model3_health_status_RCS	10.0	1.6693484476375797	1.1093592163387056	2.5120125191073948	7.0
CVD_free_Model3_health_status_RCS	10.05	1.6746546097494002	1.1034480626808025	2.541549672162659	7.0
CVD_free_Model3_health_status_RCS	10.100000000000001	1.679977637936369	1.0972908414274183	2.572084589984202	7.0
CVD_free_Model3_health_status_RCS	10.15	1.685317585808671	1.0909087194335758	2.6036049711938434	7.0
CVD_free_Model3_health_status_RCS	10.2	1.69067450714698	1.0843217026533887	2.6360998605138	7.0
CVD_free_Model3_health_status_RCS	10.25	1.696048455902813	1.077548638163929	2.669559649457511	7.0
CVD_free_Model3_health_status_RCS	10.3	1.7014394861992432	1.0706072313018284	2.703976061956757	7.0
CVD_free_Model3_health_status_RCS	10.350000000000001	1.7068476523313783	1.0635140744465807	2.739342128391805	7.0
CVD_free_Model3_health_status_RCS	10.4	1.712273008766865	1.056284684485502	2.7756521509914722	7.0
CVD_free_Model3_health_status_RCS	10.45	1.7177156101464923	1.048933546471412	2.812901663090581	7.0
CVD_free_Model3_health_status_RCS	10.5	1.7231755112847718	1.0414741614143876	2.8510873843082116	7.0
CVD_free_Model3_health_status_RCS	10.55	1.7286527671704053	1.0339190965422353	2.8902071733074233	7.0
CVD_free_Model3_health_status_RCS	10.600000000000001	1.7341474329668922	1.0262800366954006	2.9302599794779187	7.0
CVD_free_Model3_health_status_RCS	10.65	1.7396595640130808	1.018567835817217	2.9712457945759008	7.0
CVD_free_Model3_health_status_RCS	10.7	1.745189215823693	1.0107925677387255	3.0131656051259963	7.0
CVD_free_Model3_health_status_RCS	10.75	1.7507364440899462	1.002963575660699	3.05602134618458	7.0
CVD_free_Model3_health_status_RCS	10.8	1.7563013046800584	0.9950895199037778	3.0998158568880783	7.0
CVD_free_Model3_health_status_RCS	10.850000000000001	1.7618838536397983	0.9871784236231237	3.1445528381014674	7.0
CVD_free_Model3_health_status_RCS	10.9	1.7674841471931682	0.9792377163011392	3.1902368123435876	7.0
CVD_free_Model3_health_status_RCS	10.95	1.7731022417427884	0.9712742749063282	3.236873086107943	7.0
CVD_free_Model3_health_status_RCS	11.0	1.7787381938705984	0.9632944626755748	3.2844677146240406	7.0
