model	term	beta	se	HR	lower_95	upper_95	p_value	P	n	events	converged	iterations	mediator	adjustment
siri_without_inflammation_marker	sleep[<6 h]	0.3171860871288077	0.16507301727891077	1.3732580938058432	0.9936690439325088	1.8978530162718306	0.05467001135357216	0.055	32444	882	True	7	SIRI	without_inflammation_marker
siri_without_inflammation_marker	sleep[6-<7 h]	0.26749200220352526	0.12764000153465316	1.3066831792081728	1.017473095492864	1.6780993407973146	0.03611100183400067	0.036	32444	882	True	7	SIRI	without_inflammation_marker
siri_without_inflammation_marker	sleep[8-<9 h]	0.16564776349297747	0.11990939413350549	1.1801573340062232	0.932981104812306	1.492818370945325	0.16714338085879282	0.167	32444	882	True	7	SIRI	without_inflammation_marker
siri_without_inflammation_marker	sleep[>=9 h]	0.5263881898733714	0.136680686843341	1.6928071558049436	1.294984811198182	2.2128414495402735	0.00011752806355646152	<0.001	32444	882	True	7	SIRI	without_inflammation_marker
siri_with_inflammation_marker	sleep[<6 h]	0.3198881043797486	0.16793680113770168	1.3769736783915332	0.9907807824689856	1.9136993213152698	0.05680445899291215	0.057	32444	882	True	7	SIRI	with_inflammation_marker
siri_with_inflammation_marker	sleep[6-<7 h]	0.2752211640841452	0.13324624603605656	1.3168218763690476	1.014162674475264	1.709804450239006	0.038874975744399895	0.039	32444	882	True	7	SIRI	with_inflammation_marker
siri_with_inflammation_marker	sleep[8-<9 h]	0.18228263181858315	0.12243593459429047	1.1999532909386346	0.943944987583452	1.5253938729211827	0.13654001567057267	0.137	32444	882	True	7	SIRI	with_inflammation_marker
siri_with_inflammation_marker	sleep[>=9 h]	0.48764519893008185	0.13792285057439435	1.62847696209253	1.2427434298050661	2.133937828568598	0.00040679252378336044	<0.001	32444	882	True	7	SIRI	with_inflammation_marker
siri_with_inflammation_marker	SIRI per doubling	0.462300602620198	0.049692780139371076	1.5877225050431074	1.4403765079341617	1.7501415353100072	1.363137996951233e-20		32444	882			SIRI	with_inflammation_marker
sii_without_inflammation_marker	sleep[<6 h]	0.3171916674472928	0.16507294012405468	1.3732657570447506	0.9936747392019314	1.897863319929333	0.05466564054483623	0.055	32445	882	True	7	SII	without_inflammation_marker
sii_without_inflammation_marker	sleep[6-<7 h]	0.26745973853959604	0.12764168218968372	1.3066410215013016	1.0174369171459523	1.6780507275666798	0.036135896499416356	0.036	32445	882	True	7	SII	without_inflammation_marker
sii_without_inflammation_marker	sleep[8-<9 h]	0.1656460122530067	0.11990928308569607	1.1801552672693378	0.9329796740026646	1.492815431753537	0.1671474755727063	0.167	32445	882	True	7	SII	without_inflammation_marker
sii_without_inflammation_marker	sleep[>=9 h]	0.5263859465310391	0.13668074987048542	1.69280335826325	1.2949817461368804	2.2128367587387157	0.00011753679421646075	<0.001	32445	882	True	7	SII	without_inflammation_marker
sii_with_inflammation_marker	sleep[<6 h]	0.3264463764734857	0.16639829050552737	1.3860339237433552	1.0003117685833447	1.9204912889189287	0.04978142707081308	0.050	32445	882	True	7	SII	with_inflammation_marker
sii_with_inflammation_marker	sleep[6-<7 h]	0.2763601821924128	0.13206480960772182	1.3183226148534994	1.0176722502643352	1.7077939546673677	0.03638395545180119	0.036	32445	882	True	7	SII	with_inflammation_marker
sii_with_inflammation_marker	sleep[8-<9 h]	0.18213645838115355	0.12004377932064274	1.199777902460224	0.9482424830223294	1.5180368323552085	0.12920350487924612	0.129	32445	882	True	7	SII	with_inflammation_marker
sii_with_inflammation_marker	sleep[>=9 h]	0.5183262158617512	0.1365828795808829	1.679214653329806	1.2848329256935291	2.19465254631102	0.00014766878157268003	<0.001	32445	882	True	7	SII	with_inflammation_marker
sii_with_inflammation_marker	SII per doubling	0.3052107727450481	0.05771599988408064	1.3569109727183606	1.2117789561993784	1.5194251216065406	1.2356071502371332e-07		32445	882			SII	with_inflammation_marker
