mediator	sleep_hours	geometric_mean_ratio	lower_95	upper_95	reference_hours
SIRI	3.0	1.0491525026778281	0.9978891844614128	1.1030493074932346	7.0
SIRI	3.05	1.048550837145788	0.9982789038940152	1.1013543948394	7.0
SIRI	3.1	1.0479495166554946	0.9986640100373548	1.0996673339789296	7.0
SIRI	3.15	1.0473485410090748	0.9990442068605835	1.097988416149152	7.0
SIRI	3.2	1.046747910008768	0.9994191755784233	1.0963179553500044	7.0
SIRI	3.25	1.0461476234569276	0.9997885726291182	1.0946562903660686	7.0
SIRI	3.3	1.0455476811560196	1.0001520274625069	1.093003786978485	7.0
SIRI	3.35	1.0449480829086242	1.0005091401223272	1.0913608403826334	7.0
SIRI	3.4	1.0443488285174343	1.0008594786064964	1.0897278778278414	7.0
SIRI	3.45	1.0437499177852558	1.0012025759891208	1.0881053614953606	7.0
SIRI	3.5	1.0431513505150083	1.0015379272885416	1.0864937916303068	7.0
SIRI	3.55	1.042553126509724	1.0018649860670021	1.0848937099419804	7.0
SIRI	3.6	1.0419552455725478	1.0021831607498128	1.0833057032846891	7.0
SIRI	3.65	1.0413577075067382	1.0024918106555116	1.081730407627572	7.0
SIRI	3.7	1.0407605121156658	1.0027902417339034	1.080168512316549	7.0
SIRI	3.75	1.0401636592028145	1.0030777020165036	1.0786207646238635	7.0
SIRI	3.8	1.0395671485717806	1.0033533767944678	1.077087974570139	7.0
SIRI	3.85	1.0389709800262732	1.0036163835532912	1.0755710199896673	7.0
SIRI	3.9	1.0383751533701138	1.0038657667122703	1.0740708517909339	7.0
SIRI	3.95	1.0377796684072365	1.0041004922409416	1.0725884993401662	7.0
SIRI	4.0	1.0371845249416878	1.0043194422554635	1.0711250758649367	7.0
SIRI	4.05	1.0365897227776266	1.0045214097362642	1.069681783736506	7.0
SIRI	4.1	1.0359952617193242	1.00470509355513	1.0682599194427176	7.0
SIRI	4.15	1.0354011415711641	1.004869094055904	1.0668608780072881	7.0
SIRI	4.2	1.034807362137642	1.0050119094980392	1.0654861565462415	7.0
SIRI	4.25	1.0342139232233654	1.0051319337454423	1.0641373565790513	7.0
SIRI	4.3	1.0336208246330543	1.0052274556617784	1.062816184633324	7.0
SIRI	4.35	1.0330280661715405	1.0052966607530236	1.0615244506022328	7.0
SIRI	4.4	1.0324356476437677	1.0053376356710224	1.0602640632409477	7.0
SIRI	4.45	1.0318435688547913	1.0053483762472093	1.0590370221329017	7.0
SIRI	4.5	1.0312518296097792	1.0053267997487771	1.0578454054336082	7.0
SIRI	4.55	1.03066042971401	1.005270762022202	1.0566913527271244	7.0
SIRI	4.6	1.0300693689728748	1.005178080090608	1.0555770424286737	7.0
SIRI	4.65	1.0294786471918758	1.0050465605817065	1.054504663356693	7.0
SIRI	4.7	1.028888264176627	1.0048740340661118	1.0534763803945055	7.0
SIRI	4.75	1.0282982197328538	1.00465839497615	1.0524942945714981	7.0
SIRI	4.8	1.027708513666393	1.0043976462640651	1.0515603984049027	7.0
SIRI	4.85	1.027119145783193	1.0040899473798175	1.0506765279219856	7.0
SIRI	4.9	1.026530115889313	1.0037336635621787	1.0498443133689401	7.0
SIRI	4.95	1.0259414237909235	1.0033274139251607	1.0490651311244434	7.0
SIRI	5.0	1.0253530692943067	1.0028701154801944	1.0483400596774672	7.0
SIRI	5.050000000000001	1.0247649463080555	1.00236152840645	1.047669094853695	7.0
SIRI	5.1	1.02417652563582	1.0018041960862893	1.0470484749028843	7.0
SIRI	5.15	1.0235871735212936	1.0012025625207737	1.0464722534862387	7.0
SIRI	5.2	1.0229962576713911	1.000562429000555	1.0459330801127762	7.0
SIRI	5.25	1.0224031472639652	0.9998907700333456	1.0454223869877317	7.0
SIRI	5.300000000000001	1.0218072129594173	0.9991955209851748	1.0449306051997238	7.0
SIRI	5.35	1.0212078269161922	0.9984853571148168	1.0444473905639575	7.0
SIRI	5.4	1.0206043628101336	0.9977694808249111	1.0439618422943775	7.0
SIRI	5.45	1.0199961958576886	0.9970574294693293	1.0434627021613907	7.0
SIRI	5.5	1.019382702842943	0.9963589111157495	1.0429385267320241	7.0
SIRI	5.550000000000001	1.018763262148467	0.9956836711792004	1.0423778297721942	7.0
SIRI	5.6	1.0181372537899598	0.9950413893371853	1.0417691953954407	7.0
SIRI	5.65	1.0175040594546667	0.9944416037597773	1.0411013649191834	7.0
SIRI	5.7	1.0168630625435555	0.9938936583258385	1.0403633017512104	7.0
SIRI	5.75	1.0162136482172297	0.9934066678965731	1.0395442392284084	7.0
SIRI	5.800000000000001	1.0155552034455584	0.9929894965819571	1.03863371646472	7.0
SIRI	5.85	1.0148871170610017	0.9926507439706214	1.0376216072295366	7.0
SIRI	5.9	1.014208779815609	0.992398734215431	1.036498146955287	7.0
SIRI	5.95	1.0135195844416665	0.9922415023624578	1.0352539634766986	7.0
SIRI	6.0	1.0128189257159708	0.9921867709461959	1.0338801184682196	7.0
SIRI	6.050000000000001	1.0121067726648354	0.9922389645748927	1.0323723980270194	7.0
SIRI	6.1	1.0113853817755065	0.9923903270053501	1.0307440153673246	7.0
SIRI	6.15	1.0106575747845545	0.9926297857719023	1.0290127780873513	7.0
SIRI	6.2	1.0099261655244098	0.9929459995103808	1.0271967058770295	7.0
SIRI	6.25	1.0091939597841795	0.9933274490896311	1.0253139077131976	7.0
SIRI	6.300000000000001	1.008463755248584	0.993762517376806	1.02338247606139	7.0
SIRI	6.35	1.0077383415146162	0.994239566520458	1.0214203891650622	7.0
SIRI	6.4	1.0070205001855355	0.9947470212456427	1.0194454128890593	7.0
SIRI	6.45	1.0063130050418079	0.995273467523123	1.0174749927137454	7.0
SIRI	6.5	1.0056186222886132	0.9958077782176082	1.0155261242322429	7.0
SIRI	6.550000000000001	1.0049401108795613	0.996339281251625	1.0136151865717455	7.0
SIRI	6.6	1.0042802229162735	0.996857991907923	1.0117577170750311	7.0
SIRI	6.65	1.0036417041235244	0.9973549395948245	1.0099680968795188	7.0
SIRI	6.7	1.003027294399659	0.9978226306912122	1.0082591057428503	7.0
SIRI	6.75	1.0024397284420528	0.9982557012379175	1.0066412923190295	7.0
SIRI	6.800000000000001	1.001881736447421	0.99865182017117	1.005122099166507	7.0
SIRI	6.85	1.001356044886834	0.9990128905687262	1.0037046950020534	7.0
SIRI	6.9	1.0008653773553542	0.999346534730872	1.002386528371208	7.0
SIRI	6.95	1.000412455496274	0.9996677022896805	1.0011577635445787	7.0
SIRI	7.0	1.0	1.0	1.0	7.0
SIRI	7.05	0.9996305230319043	0.9988864305839849	1.0003751697706362	7.0
SIRI	7.1000000000000005	0.9993057039847051	0.9977896848633655	1.0008240265112722	7.0
SIRI	7.15	0.9990270173197281	0.9966905470075237	1.001368964852055	7.0
SIRI	7.2	0.9987959420556647	0.9955783577996964	1.0020239251399754	7.0
SIRI	7.25	0.9986139624716053	0.9944496927604128	1.0027956701108838	7.0
SIRI	7.3	0.9984825688336595	0.9933067668553129	1.0036853402508672	7.0
SIRI	7.3500000000000005	0.9984032581454949	0.9921559602071462	1.00468989337868	7.0
SIRI	7.4	0.9983775349231592	0.9910066243305635	1.0058032688858818	7.0
SIRI	7.45	0.9984069119945858	0.9898701841237659	1.007017261360334	7.0
SIRI	7.5	0.9984929113242139	0.9887594895319769	1.0083221496429051	7.0
SIRI	7.55	0.9986370648631914	0.9876883572043914	1.0097071409663225	7.0
SIRI	7.6000000000000005	0.9988409154256636	0.9866712489680157	1.0111606833298117	7.0
SIRI	7.65	0.9991060175916918	0.9857230457889427	1.0126706874231501	7.0
SIRI	7.7	0.9994339386373823	0.9848588870072459	1.0142246883059114	7.0
SIRI	7.75	0.9998262594928472	0.9840940532427176	1.015809968445062	7.0
SIRI	7.800000000000001	1.0002845757286636	0.9834438774152447	1.0174136576765698	7.0
SIRI	7.8500000000000005	1.0008104985715365	0.9829236722441684	1.019022821745811	7.0
SIRI	7.9	1.001405655949923	0.9825486648407782	1.0206245488420678	7.0
SIRI	7.95	1.0020716935704135	0.9823339298993643	1.0222060426620379	7.0
SIRI	8.0	1.0028102760257245	0.9822943126488864	1.0237547308921902	7.0
SIRI	8.05	1.0036222197213311	0.9824400239269613	1.0252611206658815	7.0
SIRI	8.100000000000001	1.0045048832781858	0.9827636732641067	1.0267270636676822	7.0
SIRI	8.15	1.0054547609638964	0.9832532705847666	1.0281575526758573	7.0
SIRI	8.2	1.0064683470947744	0.9838965685640084	1.0295579495537053	7.0
SIRI	8.25	1.0075421336918955	0.9846810727728109	1.030933953372164	7.0
SIRI	8.3	1.0086726082629853	0.9855940462881267	1.032291575311143	7.0
SIRI	8.350000000000001	1.0098562517096346	0.986622515521314	1.0336371135602795	7.0
SIRI	8.4	1.0110895363595687	0.9877532828418042	1.0349771226217597	7.0
SIRI	8.45	1.012368924123899	0.9889729510795959	1.0363183719160118	7.0
SIRI	8.5	1.0136908647794753	0.990267964756673	1.0376677888291108	7.0
SIRI	8.55	1.0150517943766413	0.9916246726060826	1.0390323816363252	7.0
SIRI	8.600000000000001	1.0164481337728521	0.9930294153065701	1.0404191383709942	7.0
SIRI	8.65	1.0178762872927831	0.9944686411316899	1.04183489894051	7.0
SIRI	8.7	1.0193326415156847	0.9959290501785193	1.0432861998282876	7.0
SIRI	8.75	1.0208135641908758	0.9973977649134914	1.0447790936512293	7.0
SIRI	8.8	1.0223154032823836	0.9988625210661736	1.046318949551601	7.0
SIRI	8.850000000000001	1.0238344861438384	1.0003118688099637	1.047910244496518	7.0
SIRI	8.9	1.0253671188248248	1.001735370378782	1.049556359350244	7.0
SIRI	8.95	1.0269095855099666	1.0031237776678414	1.0512593961873329	7.0
SIRI	9.0	1.028458148092087	1.0044691728206372	1.053020033862082	7.0
SIRI	9.05	1.030009676090084	1.0057661465034995	1.0548375847879152	7.0
SIRI	9.100000000000001	1.0315635447172387	1.0070147086229975	1.0567108282307889	7.0
SIRI	9.15	1.0331197575046145	1.0082163197961922	1.0586383223415312	7.0
SIRI	9.2	1.0346783179886032	1.0093726609103986	1.0606184050498648	7.0
SIRI	9.25	1.0362392297109304	1.0104855859592317	1.0626492412284887	7.0
SIRI	9.3	1.0378024962186654	1.0115570753700516	1.064728869365763	7.0
SIRI	9.350000000000001	1.0393681210642283	1.0125891918543606	1.0668552457154414	7.0
SIRI	9.4	1.0409361078053982	1.0135840402880096	1.0690262844165956	7.0
SIRI	9.45	1.0425064600053224	1.0145437325891948	1.0712398926157478	7.0
SIRI	9.5	1.0440791812325223	1.0154703580688282	1.0734940001166313	7.0
SIRI	9.55	1.0456542750609035	1.0163659593178254	1.0757865834930345	7.0
SIRI	9.600000000000001	1.047231745069763	1.0172325133852766	1.0781156849107596	7.0
SIRI	9.65	1.0488115948437973	1.0180719177904458	1.0804794261157578	7.0
SIRI	9.7	1.0503938279731113	1.018885980788802	1.0828760181682267	7.0
SIRI	9.75	1.0519784480532255	1.0196764152608597	1.0853037675539063	7.0
SIRI	9.8	1.0535654586850844	1.0204448355945377	1.087761079301849	7.0
SIRI	9.850000000000001	1.0551548634750654	1.021192756969061	1.0902464577006543	7.0
SIRI	9.9	1.0567466660349862	1.0219215965081723	1.092758505145388	7.0
SIRI	9.95	1.0583408699821133	1.0226326758395454	1.0952959195783039	7.0
SIRI	10.0	1.05993747893917	1.0233272246696186	1.0978574909141456	7.0
SIRI	10.05	1.0615364965343455	1.0240063850520338	1.1004420967718402	7.0
SIRI	10.100000000000001	1.0631379264013012	1.0246712160907225	1.1030486977715468	7.0
SIRI	10.15	1.0647417721791816	1.0253226988741058	1.105676332600594	7.0
SIRI	10.2	1.0663480375126206	1.0259617414839524	1.108324113004757	7.0
SIRI	10.25	1.0679567260517502	1.0265891839618184	1.110991218821951	7.0
SIRI	10.3	1.069567841452209	1.0272058031477944	1.113676893143625	7.0
SIRI	10.350000000000001	1.071181387375151	1.0278123173322513	1.1163804376631483	7.0
SIRI	10.4	1.072797367487253	1.0284093906811576	1.1191012082506324	7.0
SIRI	10.45	1.074415785460723	1.0289976374113297	1.1218386107778175	7.0
SIRI	10.5	1.0760366449733099	1.0295776257037574	1.124592097204887	7.0
SIRI	10.55	1.0776599497083097	1.0301498813520242	1.127361161932181	7.0
SIRI	10.600000000000001	1.0792857033545755	1.0307148911491126	1.1301453384135323	7.0
SIRI	10.65	1.0809139096065257	1.0312731060205598	1.1329441960232516	7.0
SIRI	10.7	1.0825445721641516	1.031824943915002	1.1357573371657153	7.0
SIRI	10.75	1.0841776947330266	1.0323707924647352	1.138584394614953	7.0
SIRI	10.8	1.085813281024314	1.0329110114305637	1.1414250290699337	7.0
SIRI	10.850000000000001	1.087451334754776	1.0334459349452063	1.1442789269112983	7.0
SIRI	10.9	1.089091859646782	1.0339758735696132	1.1471457981451918	7.0
SIRI	10.95	1.0907348594283166	1.0345011161766589	1.1500253745196998	7.0
SIRI	11.0	1.0923803378329886	1.0350219316753675	1.1529174078007738	7.0
SII	3.0	1.0217011947380092	0.9768557894721234	1.068605358722568	7.0
SII	3.05	1.0215865972386435	0.977583425694255	1.067570447930277	7.0
SII	3.1	1.0214720125929253	0.9783070834980534	1.066541467511226	7.0
SII	3.15	1.0213574407994126	0.9790264800397018	1.0655186995902526	7.0
SII	3.2	1.021242881856664	0.9797413110291201	1.0645024477404175	7.0
SII	3.25	1.0211283357632381	0.9804512488755778	1.0634930388373878	7.0
SII	3.3	1.0210138025176936	0.9811559406680693	1.062490825079062	7.0
SII	3.35	1.0208992821185896	0.981855005978433	1.0614961861824486	7.0
SII	3.4	1.0207847745644854	0.9825480344754279	1.06050953176959	7.0
SII	3.45	1.0206702798539395	0.9832345833386742	1.0595313039536196	7.0
SII	3.5	1.0205557979855122	0.9839141744626573	1.0585619801347574	7.0
SII	3.55	1.0204413289577625	0.9845862914431036	1.057602076013932	7.0
SII	3.6	1.0203268727692505	0.9852503763412063	1.056652148828555	7.0
SII	3.65	1.0202124294185357	0.9859058262257158	1.0557128008104293	7.0
SII	3.7	1.0200979989041785	0.9865519894992004	1.0547846828594865	7.0
SII	3.75	1.0199835812247393	0.9871881620232623	1.0538684984185707	7.0
SII	3.8	1.019869176378778	0.987813583068706	1.0529650075232686	7.0
SII	3.85	1.0197547843648553	0.9884274311311906	1.052075030986256	7.0
SII	3.9	1.0196404051815322	0.989028819671427	1.0511994546571	7.0
SII	3.95	1.0195260388273695	0.989616792862193	1.0503392336752424	7.0
SII	4.0	1.0194116853009279	0.9901903214530112	1.0494953966053207	7.0
SII	4.05	1.0192973446007687	0.9907482988978275	1.0486690493094892	7.0
SII	4.1	1.0191830167254536	0.9912895379317488	1.0478613783706796	7.0
SII	4.15	1.0190687016735438	0.9918127678297446	1.0470736538338983	7.0
SII	4.2	1.0189543994436012	0.9923166326323433	1.046307230980529	7.0
SII	4.25	1.0188401100341875	0.9927996906789448	1.04556355079502	7.0
SII	4.3	1.0187258334438647	0.9932604158451507	1.0448441387275522	7.0
SII	4.35	1.018611569671195	0.9936972009314078	1.0441506013053934	7.0
SII	4.4	1.0184973187147406	0.9941083636890086	1.043484620106899	7.0
SII	4.45	1.0183830805730643	0.9944921559864328	1.042847942595168	7.0
SII	4.5	1.0182688552447285	0.9948467766023049	1.042242369325085	7.0
SII	4.55	1.0181546427282961	0.995170388067492	1.041669737101221	7.0
SII	4.6	1.01804044302233	0.9954611378547458	1.0411318977881896	7.0
SII	4.65	1.0179262561253934	0.9957171840189427	1.0406306926704076	7.0
SII	4.7	1.0178120820360497	0.9959367251194564	1.0401679225297207	7.0
SII	4.75	1.0176979207528623	0.9961180339134833	1.0397453139520756	7.0
SII	4.8	1.0175837722743946	0.9962594939138839	1.0393644827696795	7.0
SII	4.85	1.0174696365992104	0.9963596374919433	1.0390268959582383	7.0
SII	4.9	1.017355513725874	0.9964171838243778	1.0387338336899474	7.0
SII	4.95	1.0172414036529491	0.9964310746952824	1.038486353531545	7.0
SII	5.0	1.0171273063790003	0.9964005060287578	1.038285258911683	7.0
SII	5.050000000000001	1.0170129347851011	0.9963252492663093	1.0381301791577309	7.0
SII	5.1	1.0168968535422647	0.9962068879458774	1.038016523732707	7.0
SII	5.15	1.0167773409317729	0.9960484700513046	1.0379376025536546	7.0
SII	5.2	1.0166526760706955	0.9958541765336275	1.037885554047084	7.0
SII	5.25	1.0165211389845539	0.9956291636043232	1.0378515051344044	7.0
SII	5.300000000000001	1.0163810107090925	0.9953793850995716	1.0378257520640721	7.0
SII	5.35	1.016230573421127	0.9951114103406836	1.0377979466663656	7.0
SII	5.4	1.0160681105984313	0.9948322503171035	1.0377572752049296	7.0
SII	5.45	1.0158919072086192	0.9945492013685909	1.0376926206484196	7.0
SII	5.5	1.0157002499269698	0.9942697117008181	1.0375927030271823	7.0
SII	5.550000000000001	1.0154914273831315	0.9940012726691069	1.0374461959385373	7.0
SII	5.6	1.015263730436634	0.9937513341486665	1.0372418198795668	7.0
SII	5.65	1.015015452481124	0.9935272415537154	1.0369684148411542	7.0
SII	5.7	1.0147448897772213	0.9933361910695983	1.0366149955940127	7.0
SII	5.75	1.0144503418138857	0.9931851992264291	1.0361707935316204	7.0
SII	5.800000000000001	1.0141301116981618	0.9930810828472101	1.0356252890290523	7.0
SII	5.85	1.0137825065731536	0.9930304454301995	1.0349682382482275	7.0
SII	5.9	1.0134058380640625	0.9930396659635483	1.0341896983801078	7.0
SII	5.95	1.0129984227521014	0.9931148857864017	1.0332800556963477	7.0
SII	6.0	1.0125585826760743	0.9932619880809247	1.0322300618106888	7.0
SII	6.050000000000001	1.0120853508577625	0.993484132656768	1.031034843688605	7.0
SII	6.1	1.0115805840206131	0.9937744152217253	1.02970579871406	7.0
SII	6.15	1.0110468426127652	0.9941231777837493	1.0282586110064555	7.0
SII	6.2	1.0104866844158147	0.9945205267979846	1.0267091647361013	7.0
SII	6.25	1.0099026638503368	0.9949564122017361	1.0250734383379319	7.0
SII	6.300000000000001	1.0092973313457403	0.9954206969075375	1.0233674126189647	7.0
SII	6.35	1.0086732327743746	0.9959032237018932	1.0216069858009174	7.0
SII	6.4	1.0080329089497713	0.9963938860255919	1.0198078890054922	7.0
SII	6.45	1.007378895188865	0.9968827095285009	1.0179855952681909	7.0
SII	6.5	1.0067137209380026	0.9973599526301293	1.0161552138244765	7.0
SII	6.550000000000001	1.006039909462527	0.997816236738843	1.0143313589877663	7.0
SII	6.6	1.0053599775996862	0.998242720554342	1.012527979165182	7.0
SII	6.65	1.0046764355746174	0.9986313383040545	1.010758126130018	7.0
SII	6.7	1.0039917868791204	0.998975128984072	1.0090336374498479	7.0
SII	6.75	1.0033085282129395	0.9992686921433476	1.007364696501881	7.0
SII	6.800000000000001	1.0026291494872583	0.9995088130693732	1.0057592271892954	7.0
SII	6.85	1.001956133890113	0.99969529994878	1.0042220807594657	7.0
SII	6.9	1.0012919580134334	0.9998320540255637	1.0027539936789636	7.0
SII	6.95	1.0006390920414219	0.9999283285023008	1.0013503608015613	7.0
SII	7.0	1.0	1.0	1.0	7.0
SII	7.05	0.9993770051678456	0.9986842126771447	1.0000702782523407	7.0
SII	7.1000000000000005	0.9987718864025042	0.9973808303103671	1.0001648826131926	7.0
SII	7.15	0.9981862843377661	0.9960725225785759	1.000304531702847	7.0
SII	7.2	0.9976218367634347	0.9947481721485616	1.0005038029249202	7.0
SII	7.25	0.9970801789625244	0.9934024086575811	1.0007715650935398	7.0
SII	7.3	0.996562944075421	0.9920347251574585	1.0011118323974366	7.0
SII	7.3500000000000005	0.996071763490976	0.9906484740530755	1.00152474264132	7.0
SII	7.4	0.9956082672645302	0.9892499331505038	1.002007469122239	7.0
SII	7.45	0.9951740845628724	0.9878475265536264	1.0025549813752432	7.0
SII	7.5	0.9947708441361668	0.9864512153597573	1.0031606398117594	7.0
SII	7.55	0.9944001748169004	0.985072038962598	1.0038166434175142	7.0
SII	7.6000000000000005	0.9940637060459221	0.9837217767277949	1.0045143607217177	7.0
SII	7.65	0.993763068425675	0.9824127002741929	1.0052445737836877	7.0
SII	7.7	0.9934998943007421	0.9811573913326957	1.0059976602070917	7.0
SII	7.75	0.9932758183658579	0.9799686055534679	1.006763732796474	7.0
SII	7.800000000000001	0.9930924783015603	0.9788591672347393	1.0075327518719837	7.0
SII	7.8500000000000005	0.9929515154376924	0.9778418833420617	1.0082946218669087	7.0
SII	7.9	0.9928545754449888	0.9769294673763529	1.0090392816478468	7.0
SII	7.95	0.9928033090550166	0.9761344647315359	1.0097567969200576	7.0
SII	8.0	0.9927993728087732	0.9754691712111391	1.0104374630576105	7.0
SII	8.05	0.9928437442652437	0.9749420695947925	1.0110741256004303	7.0
SII	8.100000000000001	0.9929346655857444	0.9745473950720065	1.0116688578794337	7.0
SII	8.15	0.9930696992764675	0.974275632133348	1.0122263095728081	7.0
SII	8.2	0.9932464126138727	0.9741170378246848	1.012751443474781	7.0
SII	8.25	0.9934623765899937	0.9740616726641009	1.0132494906615508	7.0
SII	8.3	0.9937151649183521	0.9740994246152038	1.0137259134289967	7.0
SII	8.350000000000001	0.9940023531001244	0.9742200327832093	1.0141863693214062	7.0
SII	8.4	0.9943215175502788	0.9744131158846653	1.0146366711883548	7.0
SII	8.45	0.9946702347834575	0.9746682096059552	1.0150827391448074	7.0
SII	8.5	0.9950460806594406	0.9749748162839881	1.0155305409932918	7.0
SII	8.55	0.9954466296880805	0.9753224696321253	1.0159860183792484	7.0
SII	8.600000000000001	0.9958694543936463	0.9757008162908894	1.016454996895916	7.0
SII	8.65	0.996312124738561	0.976099714665833	1.0169430796738783	7.0
SII	8.7	0.9967722076065619	0.9765093497631002	1.0174555257437055	7.0
SII	8.75	0.997247266345344	0.9769203605964921	1.0179971165981576	7.0
SII	8.8	0.9977348603687861	0.9773239744071277	1.0185720167143186	7.0
SII	8.850000000000001	0.9982325448188876	0.9777121397411517	1.019183635992703	7.0
SII	8.9	0.9987378702875648	0.9780776488086603	1.0198345036935563	7.0
SII	8.95	0.9992483825984839	0.9784142389442921	1.020526164054055	7.0
SII	9.0	0.9997616226491196	0.9787166637289308	1.021259103031715	7.0
SII	9.05	1.000275537656258	0.9789814984297476	1.0220327481554712	7.0
SII	9.100000000000001	1.0007897168350035	0.9792091571755466	1.0228458853588205	7.0
SII	9.15	1.00130416032115	0.9794010358396509	1.0236971217994428	7.0
SII	9.2	1.001818868250562	0.9795586347204559	1.0245849602145087	7.0
SII	9.25	1.0023338407591726	0.9796835273882288	1.0255078300738876	7.0
SII	9.3	1.002849077982986	0.9797773316403312	1.0264641166249315	7.0
SII	9.350000000000001	1.0033645800580755	0.9798416833621706	1.0274521870315299	7.0
SII	9.4	1.0038803471205844	0.9798782137810363	1.0284704131202804	7.0
SII	9.45	1.0043963793067263	0.9798885303236321	1.0295171905229634	7.0
SII	9.5	1.0049126767527852	0.9798742010618039	1.0305909542308207	7.0
SII	9.55	1.0054292395951139	0.9798367425612434	1.0316901907458575	7.0
SII	9.600000000000001	1.0059460679701364	0.9797776108329938	1.0328134471293453	7.0
SII	9.65	1.0064631620143465	0.9796981950212061	1.0339593373140699	7.0
SII	9.7	1.0069805218643082	0.9795998134331471	1.0351265460743329	7.0
SII	9.75	1.0074981476566554	0.9794837115195252	1.03631383104563	7.0
SII	9.8	1.0080160395280926	0.9793510614354483	1.0375200231637007	7.0
SII	9.850000000000001	1.0085341976153945	0.9792029628468788	1.038744025858081	7.0
SII	9.9	1.009052622055406	0.9790404446886485	1.039984813294093	7.0
SII	9.95	1.0095713129850423	0.9788644676227675	1.0412414279145459	7.0
SII	10.0	1.0100902705412893	0.9786759269875095	1.0425129774906543	7.0
SII	10.05	1.0106094948612028	0.9784756560661485	1.0437986318533097	7.0
SII	10.100000000000001	1.0111289860819095	0.9782644295385317	1.045097619441514	7.0
SII	10.15	1.0116487443406064	0.97804296700843	1.046409223775037	7.0
SII	10.2	1.0121687697745612	0.977811936524708	1.0477327799332514	7.0
SII	10.25	1.0126890625211116	0.9775719580351745	1.0490676711012894	7.0
SII	10.3	1.0132096227176666	0.9773236067290577	1.0504133252275751	7.0
SII	10.350000000000001	1.0137304505017057	0.9770674162376534	1.0517692118231838	7.0
SII	10.4	1.0142515460107788	0.9768038816734202	1.0531348389227506	7.0
SII	10.45	1.0147729093825064	0.9765334624961549	1.0545097502183047	7.0
SII	10.5	1.0152945407545801	0.9762565852013103	1.055893522370957	7.0
SII	10.55	1.0158164402647623	0.9759736458301771	1.057285762500727	7.0
SII	10.600000000000001	1.0163386080508858	0.9756850123053212	1.0586861058511092	7.0
SII	10.65	1.0168610442508548	0.975391026596843	1.0600942136228235	7.0
SII	10.7	1.0173837490026436	0.9750920067270301	1.0615097709691659	7.0
SII	10.75	1.0179067224442984	0.974788248621715	1.0629324851446638	7.0
SII	10.8	1.0184299647139357	0.9744800278175744	1.0643620837977763	7.0
SII	10.850000000000001	1.0189534759497432	0.9741676010344529	1.065798313398583	7.0
SII	10.9	1.0194772562899794	0.9738512076222419	1.067240937791909	7.0
SII	10.95	1.0200013058729744	0.9735310708911604	1.0686897368670518	7.0
SII	11.0	1.020525624837129	0.9732073993344027	1.0701445053351402	7.0
