model	term	beta	se	HR	lower_95	upper_95	p_value	P	n	events	converged	iterations	imputation
MI_Model2_confounder	sleep[<6 h]	0.36050814569854767	0.1489249580609312	1.4340579398197633	1.071029774250674	1.9201353913796757	0.01548908192998849	0.015	37516	1003	True	7	1
MI_Model2_confounder	sleep[6-<7 h]	0.2402460272697632	0.1288712020487871	1.2715619507561877	0.9877389000245824	1.6369404855581182	0.062288904261611454	0.062	37516	1003	True	7	1
MI_Model2_confounder	sleep[8-<9 h]	0.1996476548328829	0.1156508390300935	1.2209724786091403	0.9733380520063516	1.5316094859827996	0.08429405953856361	0.084	37516	1003	True	7	1
MI_Model2_confounder	sleep[>=9 h]	0.5534552010141461	0.1282752339359144	1.7392521135248962	1.352615820416736	2.2364058358187973	1.5989848335639555e-05	<0.001	37516	1003	True	7	1
MI_Model3_health_status	sleep[<6 h]	0.200082225020897	0.14597263421661086	1.2215031921565203	0.9175769064961441	1.6260980827712659	0.1704737605466746	0.170	37516	1003	True	9	1
MI_Model3_health_status	sleep[6-<7 h]	0.19369294483502364	0.1291316075313172	1.213723545650159	0.9423294271478782	1.5632801044155635	0.13362336239550873	0.134	37516	1003	True	9	1
MI_Model3_health_status	sleep[8-<9 h]	0.16035792899197318	0.1136252527776094	1.1739309797349982	0.9395601167160038	1.4667650538407524	0.1581597807481396	0.158	37516	1003	True	9	1
MI_Model3_health_status	sleep[>=9 h]	0.4602824270404355	0.12482478273398123	1.5845214335046995	1.240643688432381	2.023714138592202	0.00022653196069057508	<0.001	37516	1003	True	9	1
MI_Model2_confounder	sleep[<6 h]	0.3566717721957118	0.1497067814141917	1.4285668975171562	1.0652951238640405	1.9157164385390102	0.017196977839846358	0.017	37516	1003	True	7	2
MI_Model2_confounder	sleep[6-<7 h]	0.23435705796771486	0.12941397206097421	1.2640957671029336	0.9808951887402627	1.6290610115640827	0.0701547821982259	0.070	37516	1003	True	7	2
MI_Model2_confounder	sleep[8-<9 h]	0.194200509435658	0.11625029209306975	1.2143397451241784	0.9669138511675928	1.525080041833698	0.09481300334533763	0.095	37516	1003	True	7	2
MI_Model2_confounder	sleep[>=9 h]	0.5407986108686944	0.12733130912080215	1.7173778312782981	1.3380774312053312	2.2041972658558056	2.164809073497049e-05	<0.001	37516	1003	True	7	2
MI_Model3_health_status	sleep[<6 h]	0.20026226392558108	0.1465192024591256	1.221723130051399	0.9167595123324834	1.6281340814288277	0.1716883922429334	0.172	37516	1003	True	9	2
MI_Model3_health_status	sleep[6-<7 h]	0.18830357806985354	0.12987513574157278	1.2071999391551314	0.9358996587222989	1.5571452340154919	0.14709152104233447	0.147	37516	1003	True	9	2
MI_Model3_health_status	sleep[8-<9 h]	0.16176178465925276	0.11455841048841532	1.1755801667332983	0.9391607947446544	1.4715145011908575	0.15793631599050445	0.158	37516	1003	True	9	2
MI_Model3_health_status	sleep[>=9 h]	0.4543931747548881	0.12410911941926345	1.5752172113783838	1.235089911841132	2.0090110357421973	0.0002509982668308398	<0.001	37516	1003	True	9	2
MI_Model2_confounder	sleep[<6 h]	0.36359885734921404	0.14915125409154878	1.438497055882241	1.0738687383655787	1.9269336240584642	0.014777514369819084	0.015	37516	1003	True	7	3
MI_Model2_confounder	sleep[6-<7 h]	0.24405749933180737	0.12908679080258134	1.276417721545562	0.9910919523486088	1.6438860148291174	0.05867153811355622	0.059	37516	1003	True	7	3
MI_Model2_confounder	sleep[8-<9 h]	0.19858819578882497	0.11628371056734217	1.2196795932745959	0.9711020786126254	1.5318866502435917	0.08767525504993469	0.088	37516	1003	True	7	3
MI_Model2_confounder	sleep[>=9 h]	0.5581451052249289	0.12762708996935734	1.74742819687338	1.3607018127511377	2.2440664623312414	1.2241069780332747e-05	<0.001	37516	1003	True	7	3
MI_Model3_health_status	sleep[<6 h]	0.20180912518602814	0.14590190901714115	1.2236144286434079	0.9192902613084221	1.6286828360971966	0.16660858244215127	0.167	37516	1003	True	9	3
MI_Model3_health_status	sleep[6-<7 h]	0.18987067338197802	0.12937996011767722	1.209093219608582	0.9382776339308755	1.558074455615925	0.14222836182138437	0.142	37516	1003	True	9	3
MI_Model3_health_status	sleep[8-<9 h]	0.15792295597436606	0.1139344438694987	1.1710759668251471	0.9367072764624234	1.4640848368924446	0.16572059543261392	0.166	37516	1003	True	9	3
MI_Model3_health_status	sleep[>=9 h]	0.4608594628215409	0.12395756567173243	1.5854360229177908	1.2434715418735895	2.021443433259459	0.0002009009585466929	<0.001	37516	1003	True	9	3
MI_Model2_confounder	sleep[<6 h]	0.35423072229351127	0.1488398374650939	1.4250839471889591	1.0645051054029275	1.9078013306164074	0.01731519213718758	0.017	37516	1003	True	7	4
MI_Model2_confounder	sleep[6-<7 h]	0.23132807886019136	0.12939078578863406	1.2602726404428668	0.97797301513267	1.6240602794478654	0.0738042495442378	0.074	37516	1003	True	7	4
MI_Model2_confounder	sleep[8-<9 h]	0.1890167960920928	0.11587268172252017	1.2080612430203919	0.9626267945720595	1.5160724541609745	0.1028385181325578	0.103	37516	1003	True	7	4
MI_Model2_confounder	sleep[>=9 h]	0.5477848631762043	0.12781141826246586	1.729417874534373	1.3461909508394314	2.2217399269353204	1.8201426635293975e-05	<0.001	37516	1003	True	7	4
MI_Model3_health_status	sleep[<6 h]	0.1962777289818563	0.14485579922363986	1.2168648170348997	0.9160957213766047	1.6163812889686486	0.17542168977950542	0.175	37516	1003	True	9	4
MI_Model3_health_status	sleep[6-<7 h]	0.18850088997039602	0.12921347159776658	1.207438157570352	0.9372990782137818	1.5554340532748963	0.14461104856133514	0.145	37516	1003	True	9	4
MI_Model3_health_status	sleep[8-<9 h]	0.15372903372733385	0.11417659154966202	1.16617484991035	0.9323444289685231	1.4586495487166586	0.17816883404222833	0.178	37516	1003	True	9	4
MI_Model3_health_status	sleep[>=9 h]	0.4617734632639271	0.12475592057733052	1.5868857745800167	1.2426626204499125	2.0264602959190077	0.00021440029428296506	<0.001	37516	1003	True	9	4
MI_Model2_confounder	sleep[<6 h]	0.3605530693512241	0.14984761719093537	1.4341223643876522	1.0691427257786892	1.9236972823613119	0.016122460937680487	0.016	37516	1003	True	7	5
MI_Model2_confounder	sleep[6-<7 h]	0.23878757824134056	0.1285327676893502	1.2697087941602299	0.9869538314757406	1.6334709593834251	0.06319808161167545	0.063	37516	1003	True	7	5
MI_Model2_confounder	sleep[8-<9 h]	0.19092139086983315	0.11581632919562676	1.210364302656525	0.9645684852695702	1.5187949508176126	0.09925334661777892	0.099	37516	1003	True	7	5
MI_Model2_confounder	sleep[>=9 h]	0.5555011953024501	0.12761404598559617	1.742814256234286	1.357143687304766	2.238083970139984	1.3430034088064018e-05	<0.001	37516	1003	True	7	5
MI_Model3_health_status	sleep[<6 h]	0.20468716802717712	0.1460069757683074	1.227141115934313	0.9217499962185809	1.6337133979867275	0.16094513361108076	0.161	37516	1003	True	9	5
MI_Model3_health_status	sleep[6-<7 h]	0.19402043693893625	0.12892670165446565	1.2141210956213773	0.9430167302879701	1.563164244586317	0.13235249354742087	0.132	37516	1003	True	9	5
MI_Model3_health_status	sleep[8-<9 h]	0.15652328325176118	0.11385352081426724	1.1694379903212113	0.9355454815706798	1.4618051608891163	0.16920036886857648	0.169	37516	1003	True	9	5
MI_Model3_health_status	sleep[>=9 h]	0.4670069700133384	0.1249237352938318	1.5952125220308082	1.2487723491319211	2.037763722277188	0.000185241838778789	<0.001	37516	1003	True	9	5
MI_Model2_confounder	sleep[<6 h]	0.36247808698232564	0.1490435999408347	1.4368857341386514	1.0728922068169442	1.9243691023691425	0.015014580299663845	0.015	37516	1003	True	7	6
MI_Model2_confounder	sleep[6-<7 h]	0.23500178915496922	0.1289543861504145	1.2649110318527255	0.9824123372933716	1.628643959125005	0.06839982233644522	0.068	37516	1003	True	7	6
MI_Model2_confounder	sleep[8-<9 h]	0.1911704625058477	0.11594388716948238	1.2106658076201697	0.9645675810847658	1.519553141203687	0.09918475942910993	0.099	37516	1003	True	7	6
MI_Model2_confounder	sleep[>=9 h]	0.5454307146779549	0.12768184945060418	1.725351356513896	1.3433666497360843	2.2159529596846594	1.939055991937135e-05	<0.001	37516	1003	True	7	6
MI_Model3_health_status	sleep[<6 h]	0.20439218985651575	0.14524857386330187	1.2267791894756181	0.9228488810519517	1.6308056612854378	0.15937136388578535	0.159	37516	1003	True	9	6
MI_Model3_health_status	sleep[6-<7 h]	0.18560339773939621	0.12962371896000888	1.203944678497729	0.9338360206112151	1.552181279036852	0.15218305371004698	0.152	37516	1003	True	9	6
MI_Model3_health_status	sleep[8-<9 h]	0.1586241935537129	0.11399171037473403	1.171897457297687	0.9372591570233721	1.4652763220605567	0.1640612898662659	0.164	37516	1003	True	9	6
MI_Model3_health_status	sleep[>=9 h]	0.4553480630020062	0.1242748250748813	1.5767220861594613	1.2358684009828023	2.011583543204159	0.0002482669502699057	<0.001	37516	1003	True	9	6
MI_Model2_confounder	sleep[<6 h]	0.3587742660689405	0.1491715355337673	1.4315736103567525	1.0686577576412049	1.9177355773783105	0.016167505260408586	0.016	37516	1003	True	7	7
MI_Model2_confounder	sleep[6-<7 h]	0.23892634294961476	0.12906168147586194	1.2698849971557407	0.9860680559228931	1.635392097244184	0.06413258715565837	0.064	37516	1003	True	7	7
MI_Model2_confounder	sleep[8-<9 h]	0.19522248111093626	0.1156681502498738	1.215581400308006	0.9690074996570289	1.5248985599159643	0.09145331797217675	0.091	37516	1003	True	7	7
MI_Model2_confounder	sleep[>=9 h]	0.5510489661752814	0.12773731250366177	1.7350720955650314	1.3507884164761945	2.2286800361094774	1.603826230849399e-05	<0.001	37516	1003	True	7	7
MI_Model3_health_status	sleep[<6 h]	0.20120312336004068	0.1453432869848179	1.2228731406989553	0.9197397912661293	1.6259149951360787	0.1662573249112998	0.166	37516	1003	True	9	7
MI_Model3_health_status	sleep[6-<7 h]	0.18371644537899398	0.1298293499482977	1.2016750342735463	0.931699999878731	1.5498796696192776	0.1570506215785263	0.157	37516	1003	True	9	7
MI_Model3_health_status	sleep[8-<9 h]	0.15360275946671326	0.11381933173073477	1.166027601340471	0.9328796942953821	1.4574444865741811	0.1771663490971145	0.177	37516	1003	True	9	7
MI_Model3_health_status	sleep[>=9 h]	0.45388600342217383	0.12486608061273174	1.5744185089225895	1.232633555507481	2.0109736832675296	0.00027799963068395994	<0.001	37516	1003	True	9	7
MI_Model2_confounder	sleep[<6 h]	0.3604497919770632	0.1491014180037443	1.433974259643699	1.070596942016108	1.9206875123782634	0.01562836517760205	0.016	37516	1003	True	7	8
MI_Model2_confounder	sleep[6-<7 h]	0.2394694654302554	0.12930295498155145	1.2705748875760636	0.9861373149426648	1.637054516117553	0.06402538668146342	0.064	37516	1003	True	7	8
MI_Model2_confounder	sleep[8-<9 h]	0.19631706891721284	0.11566291995560457	1.2169126893597806	0.9700786885654549	1.526552960064263	0.08963604472098687	0.090	37516	1003	True	7	8
MI_Model2_confounder	sleep[>=9 h]	0.5521402992849433	0.12733985504169928	1.7369666708088802	1.353317208004132	2.2293762302412645	1.4512646801163228e-05	<0.001	37516	1003	True	7	8
MI_Model3_health_status	sleep[<6 h]	0.2034258681619662	0.14568252607446106	1.2255942987154316	0.9211737230663026	1.6306168396160994	0.1626048413129449	0.163	37516	1003	True	8	8
MI_Model3_health_status	sleep[6-<7 h]	0.18955743238161615	0.12995778487553158	1.2087145413508156	0.9369220928683726	1.5593514696618065	0.14467309891362154	0.145	37516	1003	True	8	8
MI_Model3_health_status	sleep[8-<9 h]	0.15629966429096973	0.11317527813552204	1.1691765110500567	0.9365804977912298	1.4595368120679053	0.1672664497545389	0.167	37516	1003	True	8	8
MI_Model3_health_status	sleep[>=9 h]	0.4662103102027474	0.12409380067636544	1.593942186405011	1.249809238130229	2.0328315842844273	0.00017201840645248565	<0.001	37516	1003	True	8	8
MI_Model2_confounder	sleep[<6 h]	0.3647040597779979	0.1496669392522309	1.4400877651881774	1.0739702002220013	1.931015191125407	0.014819060029300368	0.015	37516	1003	True	7	9
MI_Model2_confounder	sleep[6-<7 h]	0.23592037143151434	0.1295328465314358	1.2660734905332227	0.9822009652987168	1.6319899288059403	0.0685586884500833	0.069	37516	1003	True	7	9
MI_Model2_confounder	sleep[8-<9 h]	0.1934276383916783	0.11664830362373335	1.213401579684769	0.9654134386422688	1.5250910487139648	0.09727464626399097	0.097	37516	1003	True	7	9
MI_Model2_confounder	sleep[>=9 h]	0.5596506861370039	0.1274035835758027	1.7500610729184283	1.3633491064284458	2.246463319265134	1.119314901372267e-05	<0.001	37516	1003	True	7	9
MI_Model3_health_status	sleep[<6 h]	0.21202249554540767	0.14674746003488295	1.2361756932121613	0.9271895653600234	1.6481315165526065	0.1485106912459606	0.149	37516	1003	True	9	9
MI_Model3_health_status	sleep[6-<7 h]	0.19246447254728247	0.12988847190899616	1.2122334353763364	0.9397773867218815	1.5636787207343206	0.13840225918536564	0.138	37516	1003	True	9	9
MI_Model3_health_status	sleep[8-<9 h]	0.1642153744453606	0.11431180528048263	1.178468099675727	0.9419230958983669	1.4744166142658943	0.1508440325924162	0.151	37516	1003	True	9	9
MI_Model3_health_status	sleep[>=9 h]	0.4717520748688426	0.12374192296966384	1.602799960072634	1.2576216557789728	2.0427190484546913	0.00013763126345828883	<0.001	37516	1003	True	9	9
MI_Model2_confounder	sleep[<6 h]	0.35909444041149724	0.14942196030205543	1.4320320368805592	1.068475407626138	1.9192914876800176	0.016251229595118568	0.016	37516	1003	True	7	10
MI_Model2_confounder	sleep[6-<7 h]	0.23997064954129294	0.1284131398242689	1.271211839123265	0.9883538677158618	1.6350212132642006	0.06165912761808796	0.062	37516	1003	True	7	10
MI_Model2_confounder	sleep[8-<9 h]	0.19485787477337577	0.11608129964770818	1.2151382724141613	0.9678701997976245	1.525577522062785	0.09322363384629517	0.093	37516	1003	True	7	10
MI_Model2_confounder	sleep[>=9 h]	0.553814811042748	0.12739444047007956	1.7398776785001646	1.3554402318114978	2.2333513976469557	1.3785836554452347e-05	<0.001	37516	1003	True	7	10
MI_Model3_health_status	sleep[<6 h]	0.19915680119899853	0.1458040532405937	1.2203733068959788	0.9170311003743534	1.6240572512494453	0.17196379724835578	0.172	37516	1003	True	9	10
MI_Model3_health_status	sleep[6-<7 h]	0.1951324650265057	0.12869057887785407	1.2154719833547605	0.9445029820904948	1.564179436522737	0.12944559294638938	0.129	37516	1003	True	9	10
MI_Model3_health_status	sleep[8-<9 h]	0.1593728680006566	0.11409621431384037	1.1727751554925128	0.9377690245084994	1.466674126991301	0.1624650861907614	0.162	37516	1003	True	9	10
MI_Model3_health_status	sleep[>=9 h]	0.4584353793752427	0.12562650236158293	1.581597448091997	1.236409925818216	2.023156265229542	0.00026306519910528943	<0.001	37516	1003	True	9	10
MI_Model2_confounder	sleep[<6 h]	0.35504792164419013	0.1493983190228029	1.426249000840972	1.0642098479698971	1.9114521598163328	0.017476868299354777	0.017	37516	1003	True	7	11
MI_Model2_confounder	sleep[6-<7 h]	0.2310797471654015	0.12989724404958705	1.2599597136585958	0.9767601310834171	1.6252695308947613	0.07524916529842873	0.075	37516	1003	True	7	11
MI_Model2_confounder	sleep[8-<9 h]	0.19018290423804426	0.11632167482715887	1.2094707947618435	0.9629022394107879	1.5191776937573263	0.10205451571377136	0.102	37516	1003	True	7	11
MI_Model2_confounder	sleep[>=9 h]	0.5533933573689482	0.12813015998788002	1.7391445551602127	1.3529168056011218	2.2356317633289557	1.5674223594984663e-05	<0.001	37516	1003	True	7	11
MI_Model3_health_status	sleep[<6 h]	0.19483393395209223	0.14594352082742207	1.21510918135418	0.912825896309497	1.617493903909378	0.18187784081096306	0.182	37516	1003	True	9	11
MI_Model3_health_status	sleep[6-<7 h]	0.18095581041470996	0.13050563350765063	1.1983622229934885	0.9279007233754725	1.5476569651479761	0.16557148561478915	0.166	37516	1003	True	9	11
MI_Model3_health_status	sleep[8-<9 h]	0.1536687314510296	0.11459514921140282	1.1661045290326073	0.9315237117592808	1.4597586249975683	0.1799299827617695	0.180	37516	1003	True	9	11
MI_Model3_health_status	sleep[>=9 h]	0.465782649957541	0.12378711902899293	1.593260666438613	1.2500260047661607	2.0307413938122676	0.00016804068923347923	<0.001	37516	1003	True	9	11
MI_Model2_confounder	sleep[<6 h]	0.36396689736869586	0.14972388780659082	1.4390265778033644	1.0730590230547514	1.9298076313914028	0.015060510623260416	0.015	37516	1003	True	7	12
MI_Model2_confounder	sleep[6-<7 h]	0.23925691728170706	0.12997073962039785	1.2703048579342842	0.9846381640716587	1.6388501796625508	0.06564322608651814	0.066	37516	1003	True	7	12
MI_Model2_confounder	sleep[8-<9 h]	0.19669038056140575	0.11589952838919307	1.217367061842677	0.9699909660228435	1.5278313047964733	0.08968217468731664	0.090	37516	1003	True	7	12
MI_Model2_confounder	sleep[>=9 h]	0.5519693079136725	0.12860310349588425	1.736669689887298	1.3497398318929326	2.234520713183256	1.7704125576497164e-05	<0.001	37516	1003	True	7	12
MI_Model3_health_status	sleep[<6 h]	0.20460521568482282	0.14625042542970346	1.2270405529662045	0.9212347853111168	1.6343591694869974	0.16181119816709885	0.162	37516	1003	True	8	12
MI_Model3_health_status	sleep[6-<7 h]	0.18922334743653485	0.13065692269993776	1.2083107954661156	0.9353265911023896	1.5609681071070178	0.1475483029353581	0.148	37516	1003	True	8	12
MI_Model3_health_status	sleep[8-<9 h]	0.15516069212158867	0.11394381535325243	1.1678456096166	0.9341062565026889	1.4600730467292848	0.17328316411006975	0.173	37516	1003	True	8	12
MI_Model3_health_status	sleep[>=9 h]	0.4651417432950861	0.12425902275930142	1.5922398622175207	1.2480702194292685	2.0313182218175245	0.00018160204366418287	<0.001	37516	1003	True	8	12
MI_Model2_confounder	sleep[<6 h]	0.3614872524821717	0.149534040334674	1.4354627232810342	1.0707998782493942	1.924312163070204	0.0156307763422028	0.016	37516	1003	True	7	13
MI_Model2_confounder	sleep[6-<7 h]	0.23297708179157045	0.1306225016390516	1.2623525481369273	0.9772250387323933	1.6306724578556078	0.07449019458874243	0.074	37516	1003	True	7	13
MI_Model2_confounder	sleep[8-<9 h]	0.20133697742243917	0.11645047940859488	1.2230368381921786	0.9734568612467059	1.5366054389502437	0.08381816554319203	0.084	37516	1003	True	7	13
MI_Model2_confounder	sleep[>=9 h]	0.5558801218645514	0.12830696376280756	1.7434747799858756	1.3558154669312916	2.2419749461383303	1.4747682577187e-05	<0.001	37516	1003	True	7	13
MI_Model3_health_status	sleep[<6 h]	0.20077427259245798	0.14605600930305368	1.2223488230489592	0.9180620983691616	1.6274897393796655	0.16924342102636838	0.169	37516	1003	True	9	13
MI_Model3_health_status	sleep[6-<7 h]	0.1815799064251634	0.13132305845918604	1.199110349503039	0.926993654634219	1.5511062272078506	0.1667580083240999	0.167	37516	1003	True	9	13
MI_Model3_health_status	sleep[8-<9 h]	0.16195640199631586	0.11402974204096893	1.1758089772793796	0.9403174146383048	1.4702766635270417	0.1555204648506392	0.156	37516	1003	True	9	13
MI_Model3_health_status	sleep[>=9 h]	0.46816982598149204	0.12440263962354241	1.5970686034010197	1.2515028795145116	2.0380521417247834	0.00016765687421118374	<0.001	37516	1003	True	9	13
MI_Model2_confounder	sleep[<6 h]	0.35524928364358627	0.14973235394973555	1.4265362221081719	1.0637275143457705	1.9130891751335914	0.017665201128934355	0.018	37516	1003	True	7	14
MI_Model2_confounder	sleep[6-<7 h]	0.23656931960153088	0.12936697894322513	1.2668953732588126	0.9831581370359405	1.632518540327061	0.06744928379494389	0.067	37516	1003	True	7	14
MI_Model2_confounder	sleep[8-<9 h]	0.1938623832224353	0.11550600487365274	1.2139292144340987	0.9679980304874507	1.5223420825706864	0.0932739279430022	0.093	37516	1003	True	7	14
MI_Model2_confounder	sleep[>=9 h]	0.5454315332449688	0.12718142176079317	1.725352768830182	1.3446859980392722	2.2137823858139374	1.7979464880333845e-05	<0.001	37516	1003	True	7	14
MI_Model3_health_status	sleep[<6 h]	0.20042803895852138	0.14646128487696755	1.2219256780317624	0.91701559114616	1.628219167753934	0.1711646550091523	0.171	37516	1003	True	9	14
MI_Model3_health_status	sleep[6-<7 h]	0.18643031771941557	0.13012798477107018	1.204940656147372	0.9336852903069117	1.5550014548902351	0.15195247924220912	0.152	37516	1003	True	9	14
MI_Model3_health_status	sleep[8-<9 h]	0.15612131581147698	0.1132176533588939	1.1689680087906353	0.9363357054056649	1.4593977327649987	0.16791062611126478	0.168	37516	1003	True	9	14
MI_Model3_health_status	sleep[>=9 h]	0.45295357560961247	0.1242529655310455	1.5729511615203349	1.2329654937624295	2.0066866177885916	0.00026696105117317753	<0.001	37516	1003	True	9	14
MI_Model2_confounder	sleep[<6 h]	0.36072482473871076	0.14981538854333631	1.4343687037845045	1.0693939208326813	1.9239061849112058	0.016049166257864893	0.016	37516	1003	True	7	15
MI_Model2_confounder	sleep[6-<7 h]	0.2409724300327655	0.12902286491945447	1.2724859524285996	0.9881628781528949	1.638617008316299	0.061807762837796536	0.062	37516	1003	True	7	15
MI_Model2_confounder	sleep[8-<9 h]	0.1963913862310687	0.11568587253565893	1.217003130402677	0.9701071424418544	1.52673509410708	0.08957830518263368	0.090	37516	1003	True	7	15
MI_Model2_confounder	sleep[>=9 h]	0.5484281844584636	0.12882666197559062	1.7305308038061402	1.3443794978801828	2.2275978379944252	2.070942875544313e-05	<0.001	37516	1003	True	7	15
MI_Model3_health_status	sleep[<6 h]	0.20275998220809022	0.14553560726373937	1.2247784643432362	0.9208256493125546	1.6290622310953953	0.16355978889092065	0.164	37516	1003	True	9	15
MI_Model3_health_status	sleep[6-<7 h]	0.19598748967565438	0.1285992879472322	1.2165116862833532	0.9454800574834116	1.5652373322426554	0.12750448661644392	0.128	37516	1003	True	9	15
MI_Model3_health_status	sleep[8-<9 h]	0.15939034787088238	0.11404505129977	1.172795655629204	0.9378794603795605	1.4665526946352883	0.16223062548663889	0.162	37516	1003	True	9	15
MI_Model3_health_status	sleep[>=9 h]	0.4560748641053182	0.12484168213674197	1.5778684660559215	1.235393648909235	2.0152838719641046	0.0002589662299501282	<0.001	37516	1003	True	9	15
MI_Model2_confounder	sleep[<6 h]	0.3588248155351317	0.14900697948386826	1.4316459774676134	1.0690565198006914	1.9172140731916734	0.01603546126852625	0.016	37516	1003	True	7	16
MI_Model2_confounder	sleep[6-<7 h]	0.23161360053163274	0.12999891380827538	1.2606325269688943	0.9770869943676206	1.6264614893175613	0.07480502524812326	0.075	37516	1003	True	7	16
MI_Model2_confounder	sleep[8-<9 h]	0.19374870556429127	0.11551978787792837	1.213791225647119	0.9678618506335485	1.5222101568457747	0.09350521114307017	0.094	37516	1003	True	7	16
MI_Model2_confounder	sleep[>=9 h]	0.5555308457620184	0.12797716921405017	1.7428659322440305	1.3562183522110256	2.2397438088230577	1.4192678449450082e-05	<0.001	37516	1003	True	7	16
MI_Model3_health_status	sleep[<6 h]	0.20072844700163656	0.14578567891333688	1.2222928094753904	0.9185065592126191	1.6265531226864183	0.16855134242373832	0.169	37516	1003	True	9	16
MI_Model3_health_status	sleep[6-<7 h]	0.17750317898150286	0.1306848095783691	1.1942318543374002	0.9243778696328151	1.5428644159132259	0.17438306800854664	0.174	37516	1003	True	9	16
MI_Model3_health_status	sleep[8-<9 h]	0.15808278332232767	0.11310883221421382	1.171263151749423	0.9383742201525718	1.4619512569547564	0.16222822594021746	0.162	37516	1003	True	9	16
MI_Model3_health_status	sleep[>=9 h]	0.45967487751826924	0.12431065648234155	1.5835590506421384	1.241140193382678	2.020448036604234	0.0002174834850795828	<0.001	37516	1003	True	9	16
MI_Model2_confounder	sleep[<6 h]	0.3530547618378692	0.1498712503831368	1.4234090897971363	1.06110679410873	1.909415195686233	0.01848682663308784	0.018	37516	1003	True	7	17
MI_Model2_confounder	sleep[6-<7 h]	0.23283363024311196	0.130224715504019	1.2621714746971398	0.9778469421717465	1.6291678818374304	0.07378611921955343	0.074	37516	1003	True	7	17
MI_Model2_confounder	sleep[8-<9 h]	0.19153557921779332	0.11587740554055531	1.2111079226459938	0.9650455639168813	1.5199099971431271	0.09834802787271565	0.098	37516	1003	True	7	17
MI_Model2_confounder	sleep[>=9 h]	0.5464894322498657	0.1271946969217067	1.7271789836125067	1.346074268993771	2.2161832449725964	1.735318576654582e-05	<0.001	37516	1003	True	7	17
MI_Model3_health_status	sleep[<6 h]	0.20185870101668388	0.1462721138090136	1.2236750918488122	0.9186690198574708	1.6299458216665603	0.16757994282989883	0.168	37516	1003	True	9	17
MI_Model3_health_status	sleep[6-<7 h]	0.1850138991304742	0.13092756840953546	1.2032351639340066	0.9309037229782247	1.5552358681040117	0.15762598147013246	0.158	37516	1003	True	9	17
MI_Model3_health_status	sleep[8-<9 h]	0.158261340428406	0.11354767055635027	1.1714723077808475	0.9377348888709865	1.4634705226225109	0.1633817399112853	0.163	37516	1003	True	9	17
MI_Model3_health_status	sleep[>=9 h]	0.462841431773187	0.12440973755190633	1.5885814239039355	1.2448347956380361	2.027249679407617	0.0001989869957630193	<0.001	37516	1003	True	9	17
MI_Model2_confounder	sleep[<6 h]	0.35966523361936015	0.14961143780654262	1.4328496643665616	1.068688508645487	1.9211006238642205	0.016216969831567642	0.016	37516	1003	True	7	18
MI_Model2_confounder	sleep[6-<7 h]	0.2299804445219072	0.12961222044407308	1.2585753976452094	0.9762321722010994	1.622577166235306	0.07600144724233898	0.076	37516	1003	True	7	18
MI_Model2_confounder	sleep[8-<9 h]	0.19427355681608782	0.11631564417899548	1.2144284527014002	0.9668606333512249	1.5253868198344187	0.09487441338901788	0.095	37516	1003	True	7	18
MI_Model2_confounder	sleep[>=9 h]	0.5528382273101198	0.12796968006022502	1.7381793716669667	1.3525913394925935	2.233688357949977	1.5597832505103374e-05	<0.001	37516	1003	True	7	18
MI_Model3_health_status	sleep[<6 h]	0.20393277809526952	0.1460889933975485	1.2262157221291943	0.9209068503732829	1.632743850897999	0.16272986621517238	0.163	37516	1003	True	8	18
MI_Model3_health_status	sleep[6-<7 h]	0.18614088729395978	0.12961236514983143	1.2045919601246675	0.9343588747442827	1.5529812255426083	0.15096385744473048	0.151	37516	1003	True	8	18
MI_Model3_health_status	sleep[8-<9 h]	0.1594365853713122	0.11434750526729469	1.1728498840225183	0.9373669917452423	1.4674901746758853	0.16322212427516486	0.163	37516	1003	True	8	18
MI_Model3_health_status	sleep[>=9 h]	0.4677456903115543	0.12379301594660141	1.59639137326786	1.2524677905501878	2.034755253486037	0.00015780768576467737	<0.001	37516	1003	True	8	18
MI_Model2_confounder	sleep[<6 h]	0.3619736283226782	0.14965461017804252	1.4361610674846936	1.071067679471987	1.9257033437658868	0.015574929470403821	0.016	37516	1003	True	7	19
MI_Model2_confounder	sleep[6-<7 h]	0.2374947283935023	0.12915799470031977	1.2680683120159464	0.9844715398635805	1.633360822357337	0.06594573866995146	0.066	37516	1003	True	7	19
MI_Model2_confounder	sleep[8-<9 h]	0.19662741728308686	0.11603160343284821	1.217290414834545	0.9696788483177121	1.5281306348166859	0.09015089827261376	0.090	37516	1003	True	7	19
MI_Model2_confounder	sleep[>=9 h]	0.5519014266011805	0.12825747493147208	1.736551806470469	1.3505628007053294	2.232855943448872	1.6844443431970942e-05	<0.001	37516	1003	True	7	19
MI_Model3_health_status	sleep[<6 h]	0.2075524478340032	0.14675429790382452	1.2306622607174484	0.9230418625485463	1.6408027213115983	0.1572781481145849	0.157	37516	1003	True	9	19
MI_Model3_health_status	sleep[6-<7 h]	0.1952119117758721	0.12886327628642213	1.215568552488785	0.9442583554353706	1.56483328666803	0.12980375569998182	0.130	37516	1003	True	9	19
MI_Model3_health_status	sleep[8-<9 h]	0.16978703482096044	0.11425847330208874	1.185052449537837	0.9472848322578985	1.4824995189760342	0.13728156680954828	0.137	37516	1003	True	9	19
MI_Model3_health_status	sleep[>=9 h]	0.464678141738836	0.12451883530607762	1.5915018684202276	1.2468566561672412	2.0314108960776482	0.00019012398558157105	<0.001	37516	1003	True	9	19
MI_Model2_confounder	sleep[<6 h]	0.3641776610305539	0.14955008846413947	1.4393299042783898	1.0736508753741048	1.9295570104464193	0.01488540761713225	0.015	37516	1003	True	7	20
MI_Model2_confounder	sleep[6-<7 h]	0.23801201472518851	0.12914324583954617	1.2687244361087786	0.9850093987603179	1.634158716460346	0.06532786563392685	0.065	37516	1003	True	7	20
MI_Model2_confounder	sleep[8-<9 h]	0.19540459717784073	0.11634668060026897	1.2158027973710015	0.9678959312546999	1.5272059674628113	0.09305405791092332	0.093	37516	1003	True	7	20
MI_Model2_confounder	sleep[>=9 h]	0.5484414747625063	0.12806090826265742	1.7305538032395125	1.3464166185100783	2.224286617333017	1.8467130552042577e-05	<0.001	37516	1003	True	7	20
MI_Model3_health_status	sleep[<6 h]	0.20790853071558216	0.14561144774548113	1.2311005565116788	0.9254412181478026	1.6377145847001886	0.15334052422393868	0.153	37516	1003	True	9	20
MI_Model3_health_status	sleep[6-<7 h]	0.191492556349218	0.12973622962132297	1.2110558184298517	0.9391446345801086	1.56169363200221	0.13993999918120673	0.140	37516	1003	True	9	20
MI_Model3_health_status	sleep[8-<9 h]	0.15959996258523274	0.11452941554675775	1.1730415166226908	0.9371859470647059	1.4682533429254012	0.163460143886033	0.163	37516	1003	True	9	20
MI_Model3_health_status	sleep[>=9 h]	0.4605977006423605	0.12365163740502916	1.5850210700413347	1.2438917149884974	2.0197029710887735	0.0001953443323473611	<0.001	37516	1003	True	9	20
