metric	value
adult_sleep_complete_mortality_linked_sleep_3_to_11_n	37516
heart_disease_deaths	1003
smoking_2015_2016_repaired_from_official_component_n	5335
marital_2017_2018_repaired_from_official_component_n	5073
missing_age	0
missing_sex	0
missing_race	0
missing_education	46
missing_pir	3370
missing_bmi	527
missing_smoking	25
missing_marital	23
missing_hypertension	3
missing_diabetes	688
missing_cvd	156
n_Model1_sleep	37516
events_Model1_sleep	1003
n_Model2_sleep	37516
events_Model2_sleep	1003
n_Model3_prespecified_sleep	32880
events_Model3_prespecified_sleep	875
n_Model1_sleep_group	37516
events_Model1_sleep_group	1003
n_Model2_sleep_group	37516
events_Model2_sleep_group	1003
n_Model3_prespecified_sleep_group	32880
events_Model3_prespecified_sleep_group	875
