sleep_hours	HR_vs_7h	lower_95	upper_95
3.0	1.2783662781483918	0.7275767502970922	2.246114022252179
3.05	1.27893670027183	0.7352312155255484	2.2247138706332015
3.1	1.2795073769243528	0.7429236512965232	2.2036438397764866
3.15	1.2800783082195346	0.7506511612348129	2.182905402395843
3.2	1.2806494942709996	0.758410569224337	2.16250035762811
3.25	1.2812209351924233	0.7661983964854178	2.1424308538168404
3.3	1.2817926310975316	0.7740108368635622	2.1226994130904515
3.35	1.282364582100101	0.7818437302339327	2.1033089578306576
3.4	1.2829367883139593	0.7896925339349561	2.0842628391177183
3.45	1.2835092498529848	0.797552292159093	2.0655648672244737
3.5	1.2840819668311063	0.8054176032502052	2.047219344209711
3.55	1.284654939362304	0.8132825848869552	2.0292310986314295
3.6	1.2852281675606085	0.8211408371724246	2.011605522359801
3.65	1.2858016515401016	0.8289854037041746	1.9943486094156033
3.7	1.286375391414916	0.8368087307692235	1.9774669966896312
3.75	1.286949387299235	0.8446026248982387	1.9609680063087978
3.8	1.2875236393072933	0.852358209126384	1.9448596893014705
3.85	1.2880981475533761	0.8600658784487323	1.9291508700741258
3.9	1.2886729121518201	0.8677152551300926	1.9138511910394782
3.95	1.2892479332170124	0.8752951447365005	1.8989711565288254
4.0	1.2898232108633916	0.8827934940018195	1.8845221748751588
4.05	1.2903987452054475	0.8901973519300445	1.8705165972664526
4.1	1.2909745363577205	0.8974928358619754	1.8569677516404584
4.15	1.2915505844348023	0.9046651046006423	1.8438899695266253
4.2	1.292126889551336	0.9116983410851343	1.8312986033454948
4.25	1.2927034518220157	0.9185757475127665	1.8192100312656354
4.3	1.293280271361586	0.9252795562117384	1.807641646315971
4.35	1.2938573482848443	0.9317910599271989	1.7966118260905874
4.4	1.2944346827066373	0.9380906654575841	1.7861398791091516
4.45	1.2950122747418646	0.9441579747072246	1.7762459637669634
4.5	1.295590124505476	0.9499718971359083	1.7669509758939437
4.55	1.2961682321124728	0.9555107972083823	1.7582764013195964
4.6	1.296746597677908	0.9607526796973006	1.7502441305904324
4.65	1.2973252213168858	0.9656754145018341	1.742876234177659
4.7	1.2979041031445613	0.9702570009654098	1.7361946981916634
4.75	1.2984832432761417	0.9744758695067949	1.730221122789097
4.8	1.2990626418268851	0.9783112157777583	1.724976388059327
4.85	1.2996422989121013	0.9817433596643769	1.7204802950732099
4.9	1.3002222146471512	0.9847541184795827	1.7167511927465922
4.95	1.3008023891474476	0.9873271809520594	1.7138056039134493
5.0	1.3013828225284545	0.9894484664541259	1.711657866166037
5.050000000000001	1.3019526710136846	0.9911053137079244	1.7102932797504933
5.1	1.3024576790792823	0.9922868504142054	1.7095822695669833
5.15	1.3028326624079647	0.9929934204141936	1.7093496405333926
5.2	1.303012390935129	0.9932377841655557	1.7094006269172304
5.25	1.3029316702033387	0.9930438379106553	1.7095226538947603
5.300000000000001	1.3025254552826442	0.9924450226896638	1.7094877024636712
5.35	1.301728997066237	0.9914825670469309	1.7090551444086697
5.4	1.3004780205691793	0.990203698143737	1.7079749198614198
5.45	1.2987089346319456	0.988659932991423	1.705990948565603
5.5	1.2963590721616027	0.9869055311259497	1.702844690776405
5.550000000000001	1.2933669597337825	0.9849961583157115	1.698278798763438
5.6	1.2896726150309594	0.9829877823147424	1.6920408207354871
5.65	1.2852178702107215	0.9809357987536429	1.6838869332811661
5.7	1.2799467188863825	0.9788943687149605	1.673585685592042
5.75	1.2738056839671328	0.9769159387618336	1.6609217396570193
5.800000000000001	1.2667442031527576	0.9750509077608358	1.6456995870155193
5.85	1.2587150284165767	0.9733474009042419	1.6277472167592644
5.9	1.2496746353485884	0.9718511077291162	1.6069197038657035
5.95	1.239583637778709	0.9706051350013096	1.5831026847458667
6.0	1.2284072026682724	0.9696498133078266	1.5562156923638217
6.050000000000001	1.2161537344035778	0.9690143334941494	1.5263240744546713
6.1	1.202986748799124	0.9686920297087863	1.4939496490141921
6.15	1.189103774988769	0.9686645799904327	1.459708362317229
6.2	1.1746961003192165	0.9689110111242769	1.424187476726055
6.25	1.1599478313189084	0.9694085623346304	1.3879379898823223
6.300000000000001	1.145035245221213	0.9701334206077566	1.3514694834216088
6.35	1.130126415122163	0.9710614100103713	1.315247111038251
6.4	1.1153810897239598	0.9721687136614695	1.279690405411485
6.45	1.100950807588251	0.9734327156132719	1.245173560830645
6.5	1.0869792257905946	0.9748330730664033	1.212026827920146
6.550000000000001	1.0736026437179913	0.9763531723306161	1.1805386301422853
6.6	1.0609507043763073	0.9779821938048674	1.150957966563113
6.65	1.0491472578745173	0.9797181256380053	1.123496585294696
6.7	1.038311374643319	0.9815722399774262	1.098330277492864
6.75	1.0285584993609795	0.983575793401002	1.0755984375638177
6.800000000000001	1.0200017404563806	0.9857900178111075	1.0554007767741496
6.85	1.0127532944210837	0.9883207132412938	1.0377898809759605
6.9	1.0069260090012984	0.9913385806872979	1.022758528070544
6.95	1.002635094701906	0.9951050729999655	1.0102220965443063
7.0	1.0	1.0	1.0
7.05	0.9991051497235625	0.991768061822268	1.0064965173107467
7.1000000000000005	0.9998779500455333	0.9850241716308089	1.0149557176166135
7.15	1.0022127325213093	0.9793371138604888	1.0256226860109736
7.2	1.0060104838842148	0.9743982606735186	1.038648296627093
7.25	1.0111772690699308	0.9700029286010187	1.0540993633476845
7.3	1.0176227924977868	0.9660261790937076	1.0719752427232527
7.3500000000000005	1.0252590788240457	0.9624002789742961	1.0922234767340557
7.4	1.0339992586102231	0.9590968678812727	1.114751285934595
7.45	1.0437564481011068	0.9561140761417438	1.1394325741430993
7.5	1.0544427156719602	0.953467682485132	1.1661113019958032
7.55	1.0659681305503326	0.9511852102001666	1.1946023163142447
7.6000000000000005	1.0782398921939333	0.9493020402515633	1.2246905787859657
7.65	1.0911615412445954	0.947858869658541	1.2561295222359394
7.7	1.1046322552969645	0.9469000552413857	1.288639083595152
7.75	1.1185462348231814	0.9464725357104038	1.3219038400285221
7.800000000000001	1.1327921864732684	0.9466251271228133	1.355571599536049
7.8500000000000005	1.1472529126057878	0.9474080514481641	1.3892527548933085
7.9	1.1618050172653387	0.9488725966339518	1.422520687109299
7.95	1.1763187398747437	0.9510708267399534	1.4549134921145574
8.0	1.1906579286054664	0.9540552666145717	1.4859372958356951
8.05	1.20470620673651	0.9578627641718419	1.5151617735180092
8.100000000000001	1.2184477455115388	0.9624663965519047	1.5425109010152214
8.15	1.2318934693019448	0.9678217240614615	1.5680176234733998
8.2	1.2450555896724258	0.9738824690899055	1.5917356257816018
8.25	1.2579475664388464	0.9806004373572397	1.6137378891795504
8.3	1.270584068757294	0.9879253404548765	1.63411526121652
8.350000000000001	1.2829809367016958	0.9958045805823076	1.6529750073828953
8.4	1.295155143774406	1.004183042485356	1.670439327768039
8.45	1.3071247607804335	1.0130029304638775	1.6866438278346436
8.5	1.3189089214816763	1.0222036859340862	1.7017359329656403
8.55	1.3305277904331063	1.0317220209778122	1.7158732343785805
8.600000000000001	1.3420025333885577	1.0414921038186058	1.7292217511953194
8.65	1.353355290650033	1.0514459316645557	1.7419540915725984
8.7	1.3646091537214697	1.0615139232828894	1.7542474965014359
8.75	1.3757881456160461	1.0716257564535971	1.7662817548185714
8.8	1.3869172051557195	1.0817114626902085	1.7782369886079639
8.850000000000001	1.398022175592896	1.0917027724347368	1.7902913254407207
8.9	1.4091297978773425	1.1015346784479267	1.802618497734121
8.95	1.4202677088869338	1.111147154933135	1.8153854383295662
9.0	1.4314644449386813	1.1204869384616443	1.8287499718085738
9.05	1.4427445442114952	1.1295137929667374	1.8428387796706902
9.100000000000001	1.4541135319230312	1.1382127112395248	1.8576898174147254
9.15	1.4655721085240982	1.1465758963257668	1.8733182968234194
9.2	1.4771209799851193	1.1545975962138564	1.8897375125905482
9.25	1.4887608578396474	1.162274116946781	1.9069588314138886
9.3	1.5004924592282016	1.1696037909873167	1.9249917258733578
9.350000000000001	1.5123165069424456	1.1765869038970314	1.9438438500338393
9.4	1.5242337294697244	1.1832255842051667	1.963521151897554
9.45	1.536244861037943	1.189523662712532	1.9840280164614374
9.5	1.5483506416608102	1.1954865083242625	2.005367432286553
9.55	1.5605518171834094	1.201120847824542	2.027541174166839
9.600000000000001	1.572849139328179	1.206434576838857	2.050549994652404
9.65	1.5852433657412113	1.2114365686588122	2.0743938177536405
9.7	1.597735260038941	1.2161364867452202	2.0990719290099737
9.75	1.6103255918551698	1.2205446056797944	2.1245831571550173
9.8	1.6230151368885086	1.2246716442272414	2.1509260437162903
9.850000000000001	1.6358046769501706	1.228528613075042	2.1780989979828846
9.9	1.648695000012094	1.2321266788113008	2.206100435782519
9.95	1.6616869002555728	1.2354770448317507	2.2349289013759046
10.0	1.6747811781201005	1.238590849141133	2.2645831725063426
10.05	1.6879786403527286	1.241479078463725	2.295062349188271
10.100000000000001	1.7012801000577862	1.2441524976650054	2.326365927235354
10.15	1.7146863767469187	1.2466215932206728	2.358493857791713
10.2	1.7281982963896572	1.2488965293127303	2.391446594288866
10.25	1.7418166914642281	1.2509871150740608	2.4252251283049993
10.3	1.7555424010088974	1.2529027815069849	2.459831015805676
10.350000000000001	1.7693762706736644	1.254652566668181	2.4952663951717096
10.4	1.783319152772292	1.2562451078038797	2.53153399833257
10.45	1.797371906334908	1.2576886392383233	2.568637156203027
10.5	1.8115353971608996	1.2589909949442806	2.6065797994942255
10.55	1.8258104978722303	1.2601596148511918	2.6453664558470185
10.600000000000001	1.840198087967225	1.2612015540766026	2.6850022441001156
10.65	1.8546990538747707	1.2621234943793747	2.7254928663977362
10.7	1.8693142890088819	1.2629317572454521	2.7668445987249437
10.75	1.8840446938237954	1.2636323181100628	2.809064280371171
10.8	1.8988911758694311	1.2642308213124986	2.852159302722374
10.850000000000001	1.9138546498472897	1.2647325954483577	2.896137597721664
10.9	1.928936037666832	1.2651426688529102	2.941007626265122
10.95	1.9441362685022752	1.2654657850053497	2.9867783667418335
11.0	1.959456278849801	1.2657064176849144	3.033459303893416
