model	term	beta	se	HR	lower_95	upper_95	p_value	P	n	events	converged	iterations
Model1_sleep_common_sample	sleep	0.1361270360393857	0.038893884074933674	1.1458274457300077	1.0617265714944188	1.2365900700216723	0.0004653280883194732	<0.001	32880	875	True	4
Model2_sleep_common_sample	sleep	-0.00014131431768467115	0.03462638933726216	0.9998586956667131	0.9342531954050101	1.0700711715167872	0.996743749450403	0.997	32880	875	True	5
Model2_sleep_common_sample	age	0.11710270331771203	0.00401878816147262	1.1242348864142635	1.1154144314580245	1.1331250916117048	1.15797913420555e-186	<0.001	32880	875	True	5
Model2_sleep_common_sample	sex[Female]	-0.505050110444897	0.08547667145761385	0.6034753342518637	0.5103894036605693	0.7135384795186609	3.449624414393866e-09	<0.001	32880	875	True	5
Model2_sleep_common_sample	race[Mexican American]	-0.056463228608774355	0.17026089486964222	0.9451012365435191	0.6769428335150067	1.3194856391020315	0.7401704021753721	0.740	32880	875	True	5
Model2_sleep_common_sample	race[Non-Hispanic Black]	0.3774384446985005	0.09867658051044347	1.4585436599362815	1.202058977177109	1.7697547693842346	0.0001307692664349772	<0.001	32880	875	True	5
Model2_sleep_common_sample	race[Other Hispanic]	-0.09388073174978231	0.17752380713243318	0.9103913365476278	0.6428646978559135	1.2892485594950795	0.5969201924845697	0.597	32880	875	True	5
Model2_sleep_common_sample	race[Other race]	-0.4918663453362391	0.272376046571404	0.6114840880711941	0.35854052428906874	1.0428745556884316	0.0709440321469608	0.071	32880	875	True	5
Model3_prespecified_sleep_common_sample	sleep	0.029216501226483723	0.0308884047467864	1.0296474902901451	0.9691618437567375	1.093908061992277	0.34421347918804124	0.344	32880	875	True	8
Model3_prespecified_sleep_common_sample	age	0.09638853474828173	0.004164706591548359	1.10118683023547	1.0922347861265032	1.110212246017585	1.6655242432987148e-118	<0.001	32880	875	True	8
Model3_prespecified_sleep_common_sample	sex[Female]	-0.6072076482007076	0.09623874927999063	0.5448702161399385	0.4512056166138963	0.6579784060853815	2.8014028559076035e-10	<0.001	32880	875	True	8
Model3_prespecified_sleep_common_sample	race[Mexican American]	-0.4071796779871851	0.1871879584978724	0.665524599437471	0.461136430546307	0.9605031463935233	0.029611758761281307	0.030	32880	875	True	8
Model3_prespecified_sleep_common_sample	race[Non-Hispanic Black]	-0.023671220716644018	0.11658236683587166	0.9766067450458983	0.7771138137121479	1.2273115181329517	0.8391015087769956	0.839	32880	875	True	8
Model3_prespecified_sleep_common_sample	race[Other Hispanic]	-0.3650811268106595	0.1801341845706002	0.694140335202109	0.4876596080727042	0.988047394080383	0.042691298899413026	0.043	32880	875	True	8
Model3_prespecified_sleep_common_sample	race[Other race]	-0.6287563241323277	0.2769996677449686	0.533254584635703	0.30985039441822904	0.9177346782756479	0.02321479516402354	0.023	32880	875	True	8
Model3_prespecified_sleep_common_sample	education[<High school]	0.1731171450255613	0.10491819264330923	1.189005382991999	0.9680043151863478	1.4604622919597174	0.09893878939583159	0.099	32880	875	True	8
Model3_prespecified_sleep_common_sample	education[High school/GED]	0.15261469539707218	0.09955267918869501	1.1648760603551973	0.9583857019706282	1.4158560934272282	0.12527477037527227	0.125	32880	875	True	8
Model3_prespecified_sleep_common_sample	pir[1.30-3.49]	0.4491416407205265	0.11034275204264661	1.5669665877584091	1.2622222030429069	1.9452868767732856	4.692791449103398e-05	<0.001	32880	875	True	8
Model3_prespecified_sleep_common_sample	pir[<1.30]	0.7387722135422875	0.13854365837418015	2.0933637323761296	1.5955709472499835	2.746459957534656	9.691540211781205e-08	<0.001	32880	875	True	8
Model3_prespecified_sleep_common_sample	bmi[25-29.9]	-0.3009067360475744	0.12933966481642345	0.7401467985436556	0.5744123154908198	0.9537004493476565	0.01999271403414624	0.020	32880	875	True	8
Model3_prespecified_sleep_common_sample	bmi[>=30]	-0.01881547985017452	0.12028194204544851	0.9813604263102034	0.7752546257381263	1.2422606126481335	0.8756955617439409	0.876	32880	875	True	8
Model3_prespecified_sleep_common_sample	smoking[Ever smoker]	0.012894336552063134	0.07761967171126431	1.012977826974899	0.8700214395346776	1.1794238984404806	0.8680609265270155	0.868	32880	875	True	8
Model3_prespecified_sleep_common_sample	marital[Not married/partner]	0.46186709282345495	0.07872900720676601	1.5870343609520412	1.360103873166404	1.8518277262006608	4.4497536112040946e-09	<0.001	32880	875	True	8
Model3_prespecified_sleep_common_sample	hypertension[Yes]	0.4070795117429843	0.11968790902649737	1.5024235612288814	1.188266497960712	1.8996383060614632	0.000670968844495618	<0.001	32880	875	True	8
Model3_prespecified_sleep_common_sample	diabetes[Yes]	0.3846246919313435	0.08477250443196747	1.4690628668176522	1.2441762151877016	1.7345981062151328	5.7022346294980405e-06	<0.001	32880	875	True	8
Model3_prespecified_sleep_common_sample	cvd[Yes]	0.893945805025245	0.08653773972301325	2.444757179789008	2.063358410901175	2.8966551019701474	5.149259135283069e-25	<0.001	32880	875	True	8
Model1_sleep_group_common_sample	sleep_group[6-<7 h]	0.3417553425267914	0.13827513339798195	1.4074159205657442	1.073303269924983	1.8455357669788595	0.013452482835258127	0.013	32880	875	True	5
Model1_sleep_group_common_sample	sleep_group[8-<9 h]	0.5053417557919864	0.12068958956506753	1.6575519016362168	1.3083862491198615	2.0998984882835936	2.8251687040081508e-05	<0.001	32880	875	True	5
Model1_sleep_group_common_sample	sleep_group[<6 h]	0.4566944257237171	0.15347160870690957	1.578846355696535	1.1687041840140004	2.1329228122848645	0.0029226503150776525	0.003	32880	875	True	5
Model1_sleep_group_common_sample	sleep_group[>=9 h]	1.1994683095726455	0.14221225072869445	3.3183521175576156	2.5111414732445856	4.385041979284213	3.330403538809182e-17	<0.001	32880	875	True	5
Model2_sleep_group_common_sample	sleep_group[6-<7 h]	0.37320872991410925	0.1318020581714562	1.4523874649068427	1.1217404392935288	1.8804968371712105	0.004631792198370082	0.005	32880	875	True	6
Model2_sleep_group_common_sample	sleep_group[8-<9 h]	0.23832421920733346	0.11765743939361475	1.2691205994030987	1.0077497505491604	1.598280818180871	0.04280813642492874	0.043	32880	875	True	6
Model2_sleep_group_common_sample	sleep_group[<6 h]	0.5016338021587025	0.15901045541330017	1.651417156743836	1.2092242476779327	2.2553125533373013	0.0016065103347698243	0.002	32880	875	True	6
Model2_sleep_group_common_sample	sleep_group[>=9 h]	0.6056420373954278	0.13948521207624767	1.8324283187972092	1.3941097581390738	2.408557521333266	1.4120422253945751e-05	<0.001	32880	875	True	6
Model2_sleep_group_common_sample	age	0.11548728575387868	0.00408357579989835	1.122420243730328	1.1134726266567117	1.1314397618542074	5.932803404400254e-176	<0.001	32880	875	True	6
Model2_sleep_group_common_sample	sex[Female]	-0.5136222641216708	0.08516506540156486	0.5983243599599964	0.5063421132318537	0.7070161267775392	1.6304584961739937e-09	<0.001	32880	875	True	6
Model2_sleep_group_common_sample	race[Mexican American]	-0.10418581099856854	0.17238901469821197	0.9010578554055215	0.6427097404927643	1.2632533905048826	0.5456012925537903	0.546	32880	875	True	6
Model2_sleep_group_common_sample	race[Non-Hispanic Black]	0.31811089512812085	0.09654862332656404	1.3745286813103024	1.1375525523582044	1.6608719235238525	0.0009848270919542775	<0.001	32880	875	True	6
Model2_sleep_group_common_sample	race[Other Hispanic]	-0.1309034330835234	0.17779398714335543	0.8773024886968288	0.6191713392292965	1.2430479382842088	0.46156963641516185	0.462	32880	875	True	6
Model2_sleep_group_common_sample	race[Other race]	-0.529450030727681	0.2724972043515639	0.5889287733580879	0.3452333419333775	1.0046454324101584	0.052021495864551334	0.052	32880	875	True	6
Model3_prespecified_sleep_group_common_sample	sleep_group[6-<7 h]	0.26942018182463046	0.1321406215338345	1.309205129690968	1.0104838976713864	1.696234918299064	0.04146101473589467	0.041	32880	875	True	8
Model3_prespecified_sleep_group_common_sample	sleep_group[8-<9 h]	0.18338481213031524	0.11843506358757218	1.2012765849512475	0.9524252554698424	1.5151482231960036	0.1215261031639172	0.122	32880	875	True	8
Model3_prespecified_sleep_group_common_sample	sleep_group[<6 h]	0.2116987778428863	0.15547400151142862	1.2357755860212263	0.9111710253916838	1.6760204796345832	0.17331323426530362	0.173	32880	875	True	8
Model3_prespecified_sleep_group_common_sample	sleep_group[>=9 h]	0.46507562150973364	0.13501718747808508	1.5921345839557532	1.2219485988845513	2.074467400463425	0.0005719768481347146	<0.001	32880	875	True	8
Model3_prespecified_sleep_group_common_sample	age	0.09605329599910178	0.0041838950732974774	1.1008177316114256	1.0918276250455954	1.1098818626974372	1.2296877258241906e-116	<0.001	32880	875	True	8
Model3_prespecified_sleep_group_common_sample	sex[Female]	-0.6134497511146053	0.09575062959710555	0.5414796732439635	0.4488271030208179	0.6532587594711053	1.48660326067033e-10	<0.001	32880	875	True	8
Model3_prespecified_sleep_group_common_sample	race[Mexican American]	-0.4205826062603994	0.18815279836618684	0.6566641317135236	0.4541374767072818	0.9495093534353134	0.02539603659549383	0.025	32880	875	True	8
Model3_prespecified_sleep_group_common_sample	race[Non-Hispanic Black]	-0.04999993613346285	0.11486635376263472	0.9512294852524453	0.7594704593683134	1.191405830802461	0.6633534525812548	0.663	32880	875	True	8
Model3_prespecified_sleep_group_common_sample	race[Other Hispanic]	-0.38144937737022405	0.18022299009220233	0.6828709539066141	0.47965895063124636	0.9721756241088524	0.0342988080073947	0.034	32880	875	True	8
Model3_prespecified_sleep_group_common_sample	race[Other race]	-0.6520261755680511	0.27763610671867245	0.5209890912394407	0.3023460836006574	0.8977448292302208	0.01884960411369012	0.019	32880	875	True	8
Model3_prespecified_sleep_group_common_sample	education[<High school]	0.16154468298885252	0.10402110715003868	1.175324974017796	0.9585505869767779	1.4411224752433422	0.12042335604507795	0.120	32880	875	True	8
Model3_prespecified_sleep_group_common_sample	education[High school/GED]	0.14451576475555977	0.0991917351356503	1.1554799106785154	0.9513279163988326	1.403442284165969	0.14513472954360684	0.145	32880	875	True	8
Model3_prespecified_sleep_group_common_sample	pir[1.30-3.49]	0.4386329895904293	0.1092862369087054	1.5505861017053064	1.2516164817165891	1.9209696372039964	5.979559433265622e-05	<0.001	32880	875	True	8
Model3_prespecified_sleep_group_common_sample	pir[<1.30]	0.7235140929302222	0.13728161549772444	2.0616653796796522	1.5753021116680979	2.6981898305645005	1.362074767293719e-07	<0.001	32880	875	True	8
Model3_prespecified_sleep_group_common_sample	bmi[25-29.9]	-0.305841798714356	0.13018944461657128	0.7365031259815271	0.5706333347824032	0.9505873938952515	0.018813504964371272	0.019	32880	875	True	8
Model3_prespecified_sleep_group_common_sample	bmi[>=30]	-0.026177061468753236	0.12117224232444697	0.9741625876788986	0.7682267881539344	1.23530285830529	0.8289629352031632	0.829	32880	875	True	8
Model3_prespecified_sleep_group_common_sample	smoking[Ever smoker]	0.009950914945046999	0.07752388626694033	1.01000058993297	0.8676272343477845	1.175736711897686	0.8978646061880671	0.898	32880	875	True	8
Model3_prespecified_sleep_group_common_sample	marital[Not married/partner]	0.4520462155358805	0.0789979442540265	1.5715245757498018	1.3461021097137282	1.834696992422675	1.051206712582097e-08	<0.001	32880	875	True	8
Model3_prespecified_sleep_group_common_sample	hypertension[Yes]	0.3993344220735908	0.12030463211779718	1.4908321024138276	1.177674434864813	1.8872621259225744	0.0009022392945930282	<0.001	32880	875	True	8
Model3_prespecified_sleep_group_common_sample	diabetes[Yes]	0.3792636885308614	0.08409531213585024	1.4612082888147515	1.2391676515466594	1.7230353460534458	6.485004765176897e-06	<0.001	32880	875	True	8
Model3_prespecified_sleep_group_common_sample	cvd[Yes]	0.8818003389740807	0.08591812244353268	2.415244052595728	2.040926585606923	2.8582134579154013	1.0316010037908312e-24	<0.001	32880	875	True	8
