model	sleep_hours	HR	lower_95	upper_95	reference_hours	knots
Model2_confounder	3.0	1.7318379375439346	1.0296028563843387	2.913028672481498	7.0	5.0,7.0,8.0,9.0
Model2_confounder	3.05	1.7176549666401006	1.029411837625206	2.8660429932782465	7.0	5.0,7.0,8.0,9.0
Model2_confounder	3.1	1.7035881478653416	1.0292167145532929	2.819826511277464	7.0	5.0,7.0,8.0,9.0
Model2_confounder	3.15	1.6896365299861558	1.0290172883641522	2.77436699630392	7.0	5.0,7.0,8.0,9.0
Model2_confounder	3.2	1.6757991695592127	1.0288133473313168	2.7296524330481566	7.0	5.0,7.0,8.0,9.0
Model2_confounder	3.25	1.6620751308675588	1.0286046657491748	2.685671018842186	7.0	5.0,7.0,8.0,9.0
Model2_confounder	3.3	1.6484634858573382	1.0283910027714132	2.6424111615929284	7.0	5.0,7.0,8.0,9.0
Model2_confounder	3.35	1.634963314075038	1.0281721011329343	2.599861477884644	7.0	5.0,7.0,8.0,9.0
Model2_confounder	3.4	1.6215737026052441	1.02794768574153	2.558010791263214	7.0	5.0,7.0,8.0,9.0
Model2_confounder	3.45	1.6082937460089073	1.0277174621237544	2.5168481307169737	7.0	5.0,7.0,8.0,9.0
Model2_confounder	3.5	1.595122546262116	1.0274811147073015	2.4763627293710053	7.0	5.0,7.0,8.0,9.0
Model2_confounder	3.55	1.5820592126953679	1.0272383049197278	2.4365440234141915	7.0	5.0,7.0,8.0,9.0
Model2_confounder	3.6	1.569102861933343	1.0269886690805154	2.3973816512812776	7.0	5.0,7.0,8.0,9.0
Model2_confounder	3.65	1.5562526178351657	1.0267318160601695	2.358865453115436	7.0	5.0,7.0,8.0,9.0
Model2_confounder	3.7	1.5435076114351591	1.0264673246762037	2.3209854705407174	7.0	5.0,7.0,8.0,9.0
Model2_confounder	3.75	1.5308669808840825	1.0261947407914067	2.2837319467782358	7.0	5.0,7.0,8.0,9.0
Model2_confounder	3.8	1.518329871390852	1.0259135740745793	2.2470953271451446	7.0	5.0,7.0,8.0,9.0
Model2_confounder	3.85	1.5058954351647356	1.0256232943778345	2.2110662599815827	7.0	5.0,7.0,8.0,9.0
Model2_confounder	3.9	1.4935628313580265	1.0253233276774352	2.1756355980578914	7.0	5.0,7.0,8.0,9.0
Model2_confounder	3.95	1.481331226009179	1.0250130515167621	2.1407944005227852	7.0	5.0,7.0,8.0,9.0
Model2_confounder	4.0	1.469199791986418	1.024691789880164	2.1065339354630455	7.0	5.0,7.0,8.0,9.0
Model2_confounder	4.05	1.4571677089318027	1.0243588074148182	2.072845683156902	7.0	5.0,7.0,8.0,9.0
Model2_confounder	4.1	1.4452341632057542	1.0240133029040162	2.0397213401170204	7.0	5.0,7.0,8.0,9.0
Model2_confounder	4.15	1.4333983478320338	1.0236544018790104	2.007152824035283	7.0	5.0,7.0,8.0,9.0
Model2_confounder	4.2	1.4216594624431753	1.0232811482372828	1.9751322797608633	7.0	5.0,7.0,8.0,9.0
Model2_confounder	4.25	1.4100167132263595	1.0228924947121212	1.9436520864660383	7.0	5.0,7.0,8.0,9.0
Model2_confounder	4.3	1.3984693128697356	1.0224872920110355	1.9127048661815966	7.0	5.0,7.0,8.0,9.0
Model2_confounder	4.35	1.387016480509183	1.0220642764078616	1.8822834939163549	7.0	5.0,7.0,8.0,9.0
Model2_confounder	4.4	1.3756574416755039	1.0216220555342972	1.852381109614426	7.0	5.0,7.0,8.0,9.0
Model2_confounder	4.45	1.364391428242055	1.0211590920697493	1.822991132250764	7.0	5.0,7.0,8.0,9.0
Model2_confounder	4.5	1.3532176783728027	1.0206736849721163	1.7941072764217532	7.0	5.0,7.0,8.0,9.0
Model2_confounder	4.55	1.342135436470807	1.0201639478245386	1.7657235718552369	7.0	5.0,7.0,8.0,9.0
Model2_confounder	4.6	1.3311439531271254	1.019627783791857	1.7378343863456636	7.0	5.0,7.0,8.0,9.0
Model2_confounder	4.65	1.3202424850701364	1.019062856582749	1.7104344527178166	7.0	5.0,7.0,8.0,9.0
Model2_confounder	4.7	1.3094302951152779	1.018466556695936	1.6835189005401785	7.0	5.0,7.0,8.0,9.0
Model2_confounder	4.75	1.2987066521151964	1.0178359620876767	1.6570832934501623	7.0	5.0,7.0,8.0,9.0
Model2_confounder	4.8	1.2880708309103048	1.017167792228633	1.6311236731225895	7.0	5.0,7.0,8.0,9.0
Model2_confounder	4.85	1.277522112279746	1.0164583543163994	1.6056366111145972	7.0	5.0,7.0,8.0,9.0
Model2_confounder	4.9	1.267059782892757	1.0157034801707012	1.580619270059434	7.0	5.0,7.0,8.0,9.0
Model2_confounder	4.95	1.2566831352604317	1.0148984520571547	1.5560694759627558	7.0	5.0,7.0,8.0,9.0
Model2_confounder	5.0	1.246391467687879	1.0140379153597407	1.53198580368075	7.0	5.0,7.0,8.0,9.0
Model2_confounder	5.050000000000001	1.236186183387631	1.013116151431105	1.5083722412675376	7.0	5.0,7.0,8.0,9.0
Model2_confounder	5.1	1.2260769504847144	1.012128432471327	1.485250922987467	7.0	5.0,7.0,8.0,9.0
Model2_confounder	5.15	1.216075168347971	1.0110704608264518	1.4626466427114673	7.0	5.0,7.0,8.0,9.0
Model2_confounder	5.2	1.2061918437990313	1.0099381422028093	1.4405820547325592	7.0	5.0,7.0,8.0,9.0
Model2_confounder	5.25	1.196437602301985	1.008727670886472	1.4190776931341142	7.0	5.0,7.0,8.0,9.0
Model2_confounder	5.300000000000001	1.1868227001017135	1.0074356308866672	1.3981519794341861	7.0	5.0,7.0,8.0,9.0
Model2_confounder	5.35	1.177357037248668	1.0060591154007066	1.3778212154132305	7.0	5.0,7.0,8.0,9.0
Model2_confounder	5.4	1.1680501714513145	1.0045958669562107	1.358099558144923	7.0	5.0,7.0,8.0,9.0
Model2_confounder	5.45	1.158911332701111	1.0030444403472354	1.3389989745600077	7.0	5.0,7.0,8.0,9.0
Model2_confounder	5.5	1.1499494386186555	1.0014043899639105	1.3205291734611009	7.0	5.0,7.0,8.0,9.0
Model2_confounder	5.550000000000001	1.1411731104736351	0.9996764822317026	1.3026975138605221	7.0	5.0,7.0,8.0,9.0
Model2_confounder	5.6	1.1325906898352776	0.9978629325405429	1.2855088899190386	7.0	5.0,7.0,8.0,9.0
Model2_confounder	5.65	1.124210255814235	0.9959676641918364	1.2689655946846827	7.0	5.0,7.0,8.0,9.0
Model2_confounder	5.7	1.116039642861169	0.9939965845080717	1.2530671672821743	7.0	5.0,7.0,8.0,9.0
Model2_confounder	5.75	1.108086459091718	0.991957870404447	1.237810231115756	7.0	5.0,7.0,8.0,9.0
Model2_confounder	5.800000000000001	1.1003581051120759	0.9898622526030392	1.223188333833148	7.0	5.0,7.0,8.0,9.0
Model2_confounder	5.85	1.0928617933240037	0.9877232846115569	1.2091918029218673	7.0	5.0,7.0,8.0,9.0
Model2_confounder	5.9	1.0856045676927957	0.9855575800709603	1.1958076333912493	7.0	5.0,7.0,8.0,9.0
Model2_confounder	5.95	1.078593323966504	0.9833850006847918	1.183019425448822	7.0	5.0,7.0,8.0,9.0
Model2_confounder	6.0	1.0718348303395677	0.9812287772743177	1.1708073898120877	7.0	5.0,7.0,8.0,9.0
Model2_confounder	6.050000000000001	1.065335748558952	0.9791155490216803	1.159148435842614	7.0	5.0,7.0,8.0,9.0
Model2_confounder	6.1	1.0591026554759249	0.9770753108357368	1.1480163528814542	7.0	5.0,7.0,8.0,9.0
Model2_confounder	6.15	1.0531420650517347	0.975141265738228	1.1373820882677803	7.0	5.0,7.0,8.0,9.0
Model2_confounder	6.2	1.0474604508307008	0.9733495874803725	1.1272141172778576	7.0	5.0,7.0,8.0,9.0
Model2_confounder	6.25	1.0420642688995783	0.9717391071308774	1.1174788917607692	7.0	5.0,7.0,8.0,9.0
Model2_confounder	6.300000000000001	1.0369599813575767	0.9703509448250228	1.108141346872193	7.0	5.0,7.0,8.0,9.0
Model2_confounder	6.35	1.0321540803270575	0.969228113059733	1.0991654401899682	7.0	5.0,7.0,8.0,9.0
Model2_confounder	6.4	1.0276531125407726	0.968415120103266	1.090514695394393	7.0	5.0,7.0,8.0,9.0
Model2_confounder	6.45	1.0234637045475472	0.9679576010872182	1.0821527237863031	7.0	5.0,7.0,8.0,9.0
Model2_confounder	6.5	1.0195925885845627	0.9679020005807017	1.0740437007805235	7.0	5.0,7.0,8.0,9.0
Model2_confounder	6.550000000000001	1.0160466291709251	0.9682953247693843	1.0661527802950725	7.0	5.0,7.0,8.0,9.0
Model2_confounder	6.6	1.0128328504840143	0.9691849748299756	1.0584464366046693	7.0	5.0,7.0,8.0,9.0
Model2_confounder	6.65	1.0099584645872495	0.9706186667064565	1.0508927297396777	7.0	5.0,7.0,8.0,9.0
Model2_confounder	6.7	1.0074309005854252	0.9726444370261166	1.0434614961223585	7.0	5.0,7.0,8.0,9.0
Model2_confounder	6.75	1.0052578347916963	0.9753107307908775	1.0361244703938013	7.0	5.0,7.0,8.0,9.0
Model2_confounder	6.800000000000001	1.0034472219986945	0.978666563881604	1.0288553471606188	7.0	5.0,7.0,8.0,9.0
Model2_confounder	6.85	1.0020073279551747	0.9827617522185947	1.0216297927847584	7.0	5.0,7.0,8.0,9.0
Model2_confounder	6.9	1.0009467631590943	0.9876471993818471	1.0144254176043204	7.0	5.0,7.0,8.0,9.0
Model2_confounder	6.95	1.0002745180881913	0.9933752353031987	1.0072217184185943	7.0	5.0,7.0,8.0,9.0
Model2_confounder	7.0	1.0	1.0	1.0	7.0	5.0,7.0,8.0,9.0
Model2_confounder	7.05	1.0001310460992856	0.9927551220031242	1.0075617714803424	7.0	5.0,7.0,8.0,9.0
Model2_confounder	7.1000000000000005	1.0006678790715202	0.9855312328895064	1.0160370070359406	7.0	5.0,7.0,8.0,9.0
Model2_confounder	7.15	1.001609187338637	0.9783861967126066	1.0253833992466406	7.0	5.0,7.0,8.0,9.0
Model2_confounder	7.2	1.002954144061704	0.971378860509132	1.0355558021545896	7.0	5.0,7.0,8.0,9.0
Model2_confounder	7.25	1.0047024015025028	0.9645683305710377	1.0465063838321353	7.0	5.0,7.0,8.0,9.0
Model2_confounder	7.3	1.0068540863533053	0.9580134862469822	1.058184634934248	7.0	5.0,7.0,8.0,9.0
Model2_confounder	7.3500000000000005	1.009409796010854	0.9517726723464724	1.070537288878748	7.0	5.0,7.0,8.0,9.0
Model2_confounder	7.4	1.0123705957733355	0.9459035279611381	1.0835081939017417	7.0	5.0,7.0,8.0,9.0
Model2_confounder	7.45	1.0157380169418058	0.9404629207418012	1.0970381673815357	7.0	5.0,7.0,8.0,9.0
Model2_confounder	7.5	1.0195140558100806	0.9355069631793772	1.1110648567080952	7.0	5.0,7.0,8.0,9.0
Model2_confounder	7.55	1.0237011735295896	0.9310910923784869	1.125522627446492	7.0	5.0,7.0,8.0,9.0
Model2_confounder	7.6000000000000005	1.028302296838063	0.927270197893035	1.140342497887992	7.0	5.0,7.0,8.0,9.0
Model2_confounder	7.65	1.0333208196432426	0.9240987838192948	1.1554521388884103	7.0	5.0,7.0,8.0,9.0
Model2_confounder	7.7	1.0387606054550496	0.9216311516986873	1.1707759589685733	7.0	5.0,7.0,8.0,9.0
Model2_confounder	7.75	1.0446259906618298	0.9199215898708478	1.1862352969880992	7.0	5.0,7.0,8.0,9.0
Model2_confounder	7.800000000000001	1.0509217886484326	0.9190245525621092	1.201748748471419	7.0	5.0,7.0,8.0,9.0
Model2_confounder	7.8500000000000005	1.0576532947559751	0.9189948078181042	1.2172326572377972	7.0	5.0,7.0,8.0,9.0
Model2_confounder	7.9	1.0648262920852034	0.9198875267541294	1.2326018120028095	7.0	5.0,7.0,8.0,9.0
Model2_confounder	7.95	1.0724470581473848	0.921758276501016	1.2477703990843552	7.0	5.0,7.0,8.0,9.0
Model2_confounder	8.0	1.0805223723686799	0.9246628641335843	1.2626532788068898	7.0	5.0,7.0,8.0,9.0
Model2_confounder	8.05	1.0890565380115846	0.9286367816116945	1.2771884190580312	7.0	5.0,7.0,8.0,9.0
Model2_confounder	8.100000000000001	1.0980422347209862	0.9336345005230238	1.2914012373746082	7.0	5.0,7.0,8.0,9.0
Model2_confounder	8.15	1.1074691085735262	0.9395900044216808	1.305343629320052	7.0	5.0,7.0,8.0,9.0
Model2_confounder	8.2	1.1173266485075775	0.946436227933626	1.3190733856319874	7.0	5.0,7.0,8.0,9.0
Model2_confounder	8.25	1.1276041229843832	0.9541042475957022	1.3326542265957597	7.0	5.0,7.0,8.0,9.0
Model2_confounder	8.3	1.1382905177166311	0.962522553920562	1.3461557835147955	7.0	5.0,7.0,8.0,9.0
Model2_confounder	8.350000000000001	1.1493744744296397	0.971616442870751	1.3596534848331547	7.0	5.0,7.0,8.0,9.0
Model2_confounder	8.4	1.1608442306461562	0.9813075736597537	1.373228296607137	7.0	5.0,7.0,8.0,9.0
Model2_confounder	8.45	1.17268756051128	0.9915137483663579	1.3869662592613605	7.0	5.0,7.0,8.0,9.0
Model2_confounder	8.5	1.184891716699267	1.002148974837888	1.4009577573330834	7.0	5.0,7.0,8.0,9.0
Model2_confounder	8.55	1.1974433734689904	1.0131238746478648	1.415296459342814	7.0	5.0,7.0,8.0,9.0
Model2_confounder	8.600000000000001	1.2103285709596634	1.0243464888346092	1.4300778746729153	7.0	5.0,7.0,8.0,9.0
Model2_confounder	8.65	1.223532660843014	1.0357235123303152	1.4453974968487044	7.0	5.0,7.0,8.0,9.0
Model2_confounder	8.7	1.2370402534724765	1.0471619513799584	1.4613485399222617	7.0	5.0,7.0,8.0,9.0
Model2_confounder	8.75	1.2508351666940396	1.0585711479083106	1.4780193257015015	7.0	5.0,7.0,8.0,9.0
Model2_confounder	8.8	1.2649003765071096	1.0698650563375816	1.4954904387334038	7.0	5.0,7.0,8.0,9.0
Model2_confounder	8.850000000000001	1.279217969787031	1.0809646023462434	1.5138318226834027	7.0	5.0,7.0,8.0,9.0
Model2_confounder	8.9	1.2937690993036182	1.0917999133677372	1.5331000321751425	7.0	5.0,7.0,8.0,9.0
Model2_confounder	8.95	1.3085339412920962	1.1023122005652415	1.5533358649531568	7.0	5.0,7.0,8.0,9.0
Model2_confounder	9.0	1.3234916558540262	1.1124550992249127	1.5745625727597057	7.0	5.0,7.0,8.0,9.0
Model2_confounder	9.05	1.338624458998403	1.1222007607166686	1.5967868717932436	7.0	5.0,7.0,8.0,9.0
Model2_confounder	9.100000000000001	1.3539302906088035	1.131552949414761	1.6200101221742498	7.0	5.0,7.0,8.0,9.0
Model2_confounder	9.15	1.3694111290926476	1.1405247382639305	1.6442316221367546	7.0	5.0,7.0,8.0,9.0
Model2_confounder	9.2	1.385068975478468	1.149131622718903	1.6694485025952939	7.0	5.0,7.0,8.0,9.0
Model2_confounder	9.25	1.4009058536745567	1.1573908594698037	1.6956563936911242	7.0	5.0,7.0,8.0,9.0
Model2_confounder	9.3	1.4169238107305706	1.1653208583786754	1.7228500382362857	7.0	5.0,7.0,8.0,9.0
Model2_confounder	9.350000000000001	1.433124917102133	1.1729406483790428	1.7510238313058129	7.0	5.0,7.0,8.0,9.0
Model2_confounder	9.4	1.4495112669184553	1.1802694276523298	1.7801722756665848	7.0	5.0,7.0,8.0,9.0
Model2_confounder	9.45	1.4660849782530228	1.1873261999353377	1.8102903511909563	7.0	5.0,7.0,8.0,9.0
Model2_confounder	9.5	1.4828481933973712	1.1941294926875596	1.8413738025287743	7.0	5.0,7.0,8.0,9.0
Model2_confounder	9.55	1.4998030791379977	1.200697148959704	1.8734193531988723	7.0	5.0,7.0,8.0,9.0
Model2_confounder	9.600000000000001	1.516951827036435	1.207046182797598	1.906424856268356	7.0	5.0,7.0,8.0,9.0
Model2_confounder	9.65	1.5342966537125293	1.2131926874285899	1.9403893923750906	7.0	5.0,7.0,8.0,9.0
Model2_confounder	9.7	1.5518398011309575	1.2191517858582126	1.975313325468273	7.0	5.0,7.0,8.0,9.0
Model2_confounder	9.75	1.569583536891022	1.2249376144684014	2.0111983256783903	7.0	5.0,7.0,8.0,9.0
Model2_confounder	9.8	1.5875301545197522	1.230563331459586	2.048047367476981	7.0	5.0,7.0,8.0,9.0
Model2_confounder	9.850000000000001	1.6056819737683656	1.2360411433113314	2.085864709954302	7.0	5.0,7.0,8.0,9.0
Model2_confounder	9.9	1.6240413409121133	1.241382343718159	2.124655864761059	7.0	5.0,7.0,8.0,9.0
Model2_confounder	9.95	1.6426106290535596	1.2465973606147693	2.1644275561028836	7.0	5.0,7.0,8.0,9.0
Model2_confounder	10.0	1.6613922384293198	1.2516958079047378	2.205187676176396	7.0	5.0,7.0,8.0,9.0
Model2_confounder	10.05	1.6803885967203156	1.2566865393417455	2.2469452386008157	7.0	5.0,7.0,8.0,9.0
Model2_confounder	10.100000000000001	1.6996021593655721	1.2615777026912782	2.289710331720248	7.0	5.0,7.0,8.0,9.0
Model2_confounder	10.15	1.7190354098796	1.2663767928405043	2.333494073112019	7.0	5.0,7.0,8.0,9.0
Model2_confounder	10.2	1.7386908601734168	1.2710907029444682	2.3783085662161816	7.0	5.0,7.0,8.0,9.0
Model2_confounder	10.25	1.7585710508792312	1.2757257730185358	2.42416685967945	7.0	5.0,7.0,8.0,9.0
Model2_confounder	10.3	1.7786785516788366	1.280287835628587	2.4710829097653915	7.0	5.0,7.0,8.0,9.0
Model2_confounder	10.350000000000001	1.7990159616357682	1.2847822585082975	2.5190715460049806	7.0	5.0,7.0,8.0,9.0
Model2_confounder	10.4	1.8195859095312523	1.2892139840611743	2.568148440133248	7.0	5.0,7.0,8.0,9.0
Model2_confounder	10.45	1.8403910542040005	1.2935875657947415	2.618330078268197	7.0	5.0,7.0,8.0,9.0
Model2_confounder	10.5	1.8614340848938842	1.2979072017951678	2.6696337362272833	7.0	5.0,7.0,8.0,9.0
Model2_confounder	10.55	1.882717721589543	1.3021767653896357	2.722077457837839	7.0	5.0,7.0,8.0,9.0
Model2_confounder	10.600000000000001	1.9042447153799649	1.306399833166736	2.7756800360749265	7.0	5.0,7.0,8.0,9.0
Model2_confounder	10.65	1.9260178488100879	1.3105797105365231	2.8304609968488146	7.0	5.0,7.0,8.0,9.0
Model2_confounder	10.7	1.9480399362404703	1.3147194550149857	2.886440585261227	7.0	5.0,7.0,8.0,9.0
Model2_confounder	10.75	1.9703138242110674	1.3188218974149297	2.9436397541523665	7.0	5.0,7.0,8.0,9.0
Model2_confounder	10.8	1.9928423918091693	1.3228896611189138	3.002080154767119	7.0	5.0,7.0,8.0,9.0
Model2_confounder	10.850000000000001	2.0156285510415497	1.3269251796007389	3.061784129378198	7.0	5.0,7.0,8.0,9.0
Model2_confounder	10.9	2.03867524721087	1.3309307123518888	3.122774705713931	7.0	5.0,7.0,8.0,9.0
Model2_confounder	10.95	2.061985459296376	1.3349083593580173	3.185075593050035	7.0	5.0,7.0,8.0,9.0
Model2_confounder	11.0	2.085562200338966	1.33886007425957	3.2487111798356927	7.0	5.0,7.0,8.0,9.0
Model3_health_status	3.0	1.3382868634780103	0.791633763785275	2.262424634838604	7.0	5.0,7.0,8.0,9.0
Model3_health_status	3.05	1.3323556455819148	0.7946059997440952	2.2340273882725517	7.0	5.0,7.0,8.0,9.0
Model3_health_status	3.1	1.3264507145355904	0.7975865100261003	2.205994554790553	7.0	5.0,7.0,8.0,9.0
Model3_health_status	3.15	1.3205719538370837	0.8005751619727509	2.178321746784907	7.0	5.0,7.0,8.0,9.0
Model3_health_status	3.2	1.3147192475007718	0.8035718113302941	2.151004646227606	7.0	5.0,7.0,8.0,9.0
Model3_health_status	3.25	1.3088924800550747	0.8065763012730165	2.1240390049159483	7.0	5.0,7.0,8.0,9.0
Model3_health_status	3.3	1.3030915365401756	0.8095884613283448	2.097420644825567	7.0	5.0,7.0,8.0,9.0
Model3_health_status	3.35	1.2973163025057537	0.8126081061922114	2.0711454585823477	7.0	5.0,7.0,8.0,9.0
Model3_health_status	3.4	1.2915666640087267	0.8156350344215243	2.0452094100662745	7.0	5.0,7.0,8.0,9.0
Model3_health_status	3.45	1.2858425076110016	0.8186690269887732	2.0196085351620643	7.0	5.0,7.0,8.0,9.0
Model3_health_status	3.5	1.2801437203772377	0.8217098456816978	1.99433894267354	7.0	5.0,7.0,8.0,9.0
Model3_health_status	3.55	1.2744701898726167	0.8247572313285196	1.9693968154211408	7.0	5.0,7.0,8.0,9.0
Model3_health_status	3.6	1.268821804160627	0.8278109018264183	1.9447784115447737	7.0	5.0,7.0,8.0,9.0
Model3_health_status	3.65	1.2631984518008528	0.8308705499476458	1.9204800660375034	7.0	5.0,7.0,8.0,9.0
Model3_health_status	3.7	1.2576000218467769	0.8339358408938499	1.8964981925394035	7.0	5.0,7.0,8.0,9.0
Model3_health_status	3.75	1.2520264038435913	0.8370064095647037	1.8728292854253668	7.0	5.0,7.0,8.0,9.0
Model3_health_status	3.8	1.2464774878260179	0.8400818575016964	1.8494699222259103	7.0	5.0,7.0,8.0,9.0
Model3_health_status	3.85	1.240953164316139	0.8431617494617871	1.82641676642618	7.0	5.0,7.0,8.0,9.0
Model3_health_status	3.9	1.235453324321237	0.8462456095683841	1.8036665706955766	7.0	5.0,7.0,8.0,9.0
Model3_health_status	3.95	1.2299778593316446	0.8493329169785573	1.7812161806090099	7.0	5.0,7.0,8.0,9.0
Model3_health_status	4.0	1.2245266613186045	0.8524231009952843	1.7590625389308676	7.0	5.0,7.0,8.0,9.0
Model3_health_status	4.05	1.219099622732136	0.8555155355415376	1.737202690544802	7.0	5.0,7.0,8.0,9.0
Model3_health_status	4.1	1.213696636498915	0.8586095328987533	1.7156337881266939	7.0	5.0,7.0,8.0,9.0
Model3_health_status	4.15	1.2083175960201606	0.8617043365952264	1.6943530986751543	7.0	5.0,7.0,8.0,9.0
Model3_health_status	4.2	1.2029623951695325	0.8647991133096482	1.6733580110342525	7.0	5.0,7.0,8.0,9.0
Model3_health_status	4.25	1.1976309282910362	0.867892943630649	1.652646044567515	7.0	5.0,7.0,8.0,9.0
Model3_health_status	4.3	1.19232309019694	0.8709848114839382	1.6322148591715095	7.0	5.0,7.0,8.0,9.0
Model3_health_status	4.35	1.1870387761656975	0.8740735920033831	1.6120622668525872	7.0	5.0,7.0,8.0,9.0
Model3_health_status	4.4	1.181777881939884	0.8771580375797785	1.5921862451329318	7.0	5.0,7.0,8.0,9.0
Model3_health_status	4.45	1.176540303724138	0.8802367617695152	1.572584952603631	7.0	5.0,7.0,8.0,9.0
Model3_health_status	4.5	1.171325938183113	0.8833082206827917	1.5532567470050247	7.0	5.0,7.0,8.0,9.0
Model3_health_status	4.55	1.1661346824394396	0.8863706913949387	1.5342002062906859	7.0	5.0,7.0,8.0,9.0
Model3_health_status	4.6	1.1609664340716963	0.8894222468317212	1.515414153224079	7.0	5.0,7.0,8.0,9.0
Model3_health_status	4.65	1.1558210911123872	0.8924607264663582	1.4968976841700694	7.0	5.0,7.0,8.0,9.0
Model3_health_status	4.7	1.1506985520459316	0.8954837020277496	1.4786502028817177	7.0	5.0,7.0,8.0,9.0
Model3_health_status	4.75	1.1455987158066603	0.898488437250381	1.460671460251797	7.0	5.0,7.0,8.0,9.0
Model3_health_status	4.8	1.1405214817768217	0.9014718404897183	1.4429616012051492	7.0	5.0,7.0,8.0,9.0
Model3_health_status	4.85	1.135466749784597	0.9044304087745249	1.425521220160363	7.0	5.0,7.0,8.0,9.0
Model3_health_status	4.9	1.1304344201021241	0.907360161560057	1.4083514267967387	7.0	5.0,7.0,8.0,9.0
Model3_health_status	4.95	1.1254243934435293	0.9102565620731118	1.3914539242354882	7.0	5.0,7.0,8.0,9.0
Model3_health_status	5.0	1.1204365709629684	0.9131144236905923	1.3748311021934296	7.0	5.0,7.0,8.0,9.0
Model3_health_status	5.050000000000001	1.1154719689140866	0.9159273555336869	1.358489519846321	7.0	5.0,7.0,8.0,9.0
Model3_health_status	5.1	1.1105360231423802	0.918686594998171	1.3424493896085952	7.0	5.0,7.0,8.0,9.0
Model3_health_status	5.15	1.1056351767607437	0.9213827920362393	1.3267332043278286	7.0	5.0,7.0,8.0,9.0
Model3_health_status	5.2	1.100775757436469	0.9240065722577623	1.3113621748372288	7.0	5.0,7.0,8.0,9.0
Model3_health_status	5.25	1.095963979651602	0.9265486077146945	1.2963562134709232	7.0	5.0,7.0,8.0,9.0
Model3_health_status	5.300000000000001	1.091205947318392	0.9289997046886482	1.2817339052460723	7.0	5.0,7.0,8.0,9.0
Model3_health_status	5.35	1.086507656738566	0.9313509117699614	1.2675124630608687	7.0	5.0,7.0,8.0,9.0
Model3_health_status	5.4	1.0818749998956254	0.9335936518121717	1.2537076629936652	7.0	5.0,7.0,8.0,9.0
Model3_health_status	5.45	1.0773137680698623	0.9357198814990353	1.2403337556679688	7.0	5.0,7.0,8.0,9.0
Model3_health_status	5.5	1.0728296557663617	0.9377222821693411	1.2274033497733612	7.0	5.0,7.0,8.0,9.0
Model3_health_status	5.550000000000001	1.0684282649468542	0.9395944850744143	1.2149272643367388	7.0	5.0,7.0,8.0,9.0
Model3_health_status	5.6	1.0641151095569434	0.9413313332347145	1.2029143473810662	7.0	5.0,7.0,8.0,9.0
Model3_health_status	5.65	1.0598956203409258	0.9429291803439731	1.1913712603613307	7.0	5.0,7.0,8.0,9.0
Model3_health_status	5.7	1.0557751499371595	0.9443862245891153	1.1803022303822779	7.0	5.0,7.0,8.0,9.0
Model3_health_status	5.75	1.0517589782477226	0.9457028717268662	1.1697087757645939	7.0	5.0,7.0,8.0,9.0
Model3_health_status	5.800000000000001	1.0478523180769175	0.9468821173344047	1.1595894149845871	7.0	5.0,7.0,8.0,9.0
Model3_health_status	5.85	1.0440603210340407	0.9479299330959859	1.1499393741027966	7.0	5.0,7.0,8.0,9.0
Model3_health_status	5.9	1.0403880836967314	0.9488556368428227	1.1407503129767012	7.0	5.0,7.0,8.0,9.0
Model3_health_status	5.95	1.0368406540321562	0.94967222166868	1.1320100949829475	7.0	5.0,7.0,8.0,9.0
Model3_health_status	6.0	1.0334230380742455	0.9503966168634417	1.123702627590534	7.0	5.0,7.0,8.0,9.0
Model3_health_status	6.050000000000001	1.0301402068562293	0.9510498537441289	1.1158078008256527	7.0	5.0,7.0,8.0,9.0
Model3_health_status	6.1	1.026997103598753	0.9516571135609604	1.1083015466081163	7.0	5.0,7.0,8.0,9.0
Model3_health_status	6.15	1.023998651154953	0.9522476427589934	1.101156033874845	7.0	5.0,7.0,8.0,9.0
Model3_health_status	6.2	1.0211497597150034	0.952854532367261	1.0943400029545125	7.0	5.0,7.0,8.0,9.0
Model3_health_status	6.25	1.0184553347738114	0.9535143716465734	1.0878192293400488	7.0	5.0,7.0,8.0,9.0
Model3_health_status	6.300000000000001	1.0159202853667653	0.954266799185582	1.0815570939914598	7.0	5.0,7.0,8.0,9.0
Model3_health_status	6.35	1.0135495325796924	0.9551539850947421	1.0755152268883807	7.0	5.0,7.0,8.0,9.0
Model3_health_status	6.4	1.011348018340505	0.9562200839994849	1.069654184550486	7.0	5.0,7.0,8.0,9.0
Model3_health_status	6.45	1.009320714501374	0.9575106993389964	1.0639341214931892	7.0	5.0,7.0,8.0,9.0
Model3_health_status	6.5	1.0074726322216858	0.959072395339097	1.058315419783113	7.0	5.0,7.0,8.0,9.0
Model3_health_status	6.550000000000001	1.005808831663523	0.9609522852043425	1.0527592487458601	7.0	5.0,7.0,8.0,9.0
Model3_health_status	6.6	1.004334432012949	0.9631977143374528	1.0472280366867472	7.0	5.0,7.0,8.0,9.0
Model3_health_status	6.65	1.0030546218419905	0.9658560475265707	1.0416858464313752	7.0	5.0,7.0,8.0,9.0
Model3_health_status	6.7	1.001974669827891	0.9689745604443364	1.0360986551765972	7.0	5.0,7.0,8.0,9.0
Model3_health_status	6.75	1.001099935847987	0.9726004293057015	1.030434545736601	7.0	5.0,7.0,8.0,9.0
Model3_health_status	6.800000000000001	1.000435882470394	0.9767808083928348	1.0246638205158025	7.0	5.0,7.0,8.0,9.0
Model3_health_status	6.85	0.9999880868626518	0.9815629831988051	1.0187590516182823	7.0	5.0,7.0,8.0,9.0
Model3_health_status	6.9	0.9997622531425154	0.9869945867360905	1.0126950808453206	7.0	5.0,7.0,8.0,9.0
Model3_health_status	6.95	0.9997642251972416	0.9931238675819446	1.0064489824596505	7.0	5.0,7.0,8.0,9.0
Model3_health_status	7.0	1.0	1.0	1.0	7.0	5.0,7.0,8.0,9.0
Model3_health_status	7.05	1.0004752046352972	0.9933425613713225	1.0076590634636795	7.0	5.0,7.0,8.0,9.0
Model3_health_status	7.1000000000000005	1.0011934971565066	0.9865258127493255	1.0160792609723441	7.0	5.0,7.0,8.0,9.0
Model3_health_status	7.15	1.0021581830214426	0.9796142268526241	1.0252209454160288	7.0	5.0,7.0,8.0,9.0
Model3_health_status	7.2	1.003372758969703	0.9726734403175195	1.0350410031899588	7.0	5.0,7.0,8.0,9.0
Model3_health_status	7.25	1.0048409207979812	0.9657693680235808	1.0454931679770163	7.0	5.0,7.0,8.0,9.0
Model3_health_status	7.3	1.0065665714909853	0.9589675780171525	1.056528172660489	7.0	5.0,7.0,8.0,9.0
Model3_health_status	7.3500000000000005	1.0085538297290548	0.9523328635791607	1.0680938003528135	7.0	5.0,7.0,8.0,9.0
Model3_health_status	7.4	1.0108070387947286	0.9459289671747976	1.080134878127866	7.0	5.0,7.0,8.0,9.0
Model3_health_status	7.45	1.0133307759017902	0.9398184231423182	1.0925932457851255	7.0	5.0,7.0,8.0,9.0
Model3_health_status	7.5	1.0161298619716308	0.9340624940590743	1.1054077248124519	7.0	5.0,7.0,8.0,9.0
Model3_health_status	7.55	1.0192093718832125	0.9287211810606136	1.1185141083444021	7.0	5.0,7.0,8.0,9.0
Model3_health_status	7.6000000000000005	1.0225746452244158	0.9238532917909431	1.1318451905158766	7.0	5.0,7.0,8.0,9.0
Model3_health_status	7.65	1.0262312975741867	0.9195165516075134	1.1453308526960873	7.0	5.0,7.0,8.0,9.0
Model3_health_status	7.7	1.0301852323466119	0.9157677443984236	1.1588982243988168	7.0	5.0,7.0,8.0,9.0
Model3_health_status	7.75	1.0344426532298983	0.9126628689550652	1.1724719381281152	7.0	5.0,7.0,8.0,9.0
Model3_health_status	7.800000000000001	1.0390100772551945	0.9102572951804718	1.185974500126154	7.0	5.0,7.0,8.0,9.0
Model3_health_status	7.8500000000000005	1.0438943485322836	0.9086059012270865	1.1993268032113404	7.0	5.0,7.0,8.0,9.0
Model3_health_status	7.9	1.0491026526914158	0.9077631674575952	1.2124488141182255	7.0	5.0,7.0,8.0,9.0
Model3_health_status	7.95	1.0546425320729336	0.9077831951267423	1.2252604767616528	7.0	5.0,7.0,8.0,9.0
Model3_health_status	8.0	1.0605219017088923	0.9087196056889293	1.2376828858573699	7.0	5.0,7.0,8.0,9.0
Model3_health_status	8.05	1.0667459470087262	0.9106057584776286	1.2496592568906981	7.0	5.0,7.0,8.0,9.0
Model3_health_status	8.100000000000001	1.0733076303175768	0.9133964747833075	1.2612149281298988	7.0	5.0,7.0,8.0,9.0
Model3_health_status	8.15	1.0801967705566453	0.9170271783616417	1.2723996525442707	7.0	5.0,7.0,8.0,9.0
Model3_health_status	8.2	1.087403085877912	0.921432921754937	1.2832680960918468	7.0	5.0,7.0,8.0,9.0
Model3_health_status	8.25	1.094916153698954	0.926547775925798	1.2938797272844782	7.0	5.0,7.0,8.0,9.0
Model3_health_status	8.3	1.1027253718345047	0.9323042952789218	1.3042986628349162	7.0	5.0,7.0,8.0,9.0
Model3_health_status	8.350000000000001	1.11081992071058	0.9386330868122706	1.3145934376104589	7.0	5.0,7.0,8.0,9.0
Model3_health_status	8.4	1.1191887266606304	0.9454625168129165	1.324836663125058	7.0	5.0,7.0,8.0,9.0
Model3_health_status	8.45	1.1278204263164562	0.9527185929678286	1.3351045349648014	7.0	5.0,7.0,8.0,9.0
Model3_health_status	8.5	1.1367033321195503	0.9603250623312622	1.345476147540116	7.0	5.0,7.0,8.0,9.0
Model3_health_status	8.55	1.1458253989911593	0.9682037643156388	1.3560325763670888	7.0	5.0,7.0,8.0,9.0
Model3_health_status	8.600000000000001	1.1551741922116348	0.9762752706069652	1.366855695855298	7.0	5.0,7.0,8.0,9.0
Model3_health_status	8.65	1.1647368565716099	0.9844598287141936	1.3780267162634665	7.0	5.0,7.0,8.0,9.0
Model3_health_status	8.7	1.1745000868691577	0.9926786016996989	1.3896244481282418	7.0	5.0,7.0,8.0,9.0
Model3_health_status	8.75	1.1844500998383314	1.0008551642180181	1.4017233353670662	7.0	5.0,7.0,8.0,9.0
Model3_health_status	8.8	1.1945726076053398	1.0089171775574042	1.4143913361608211	7.0	5.0,7.0,8.0,9.0
Model3_health_status	8.850000000000001	1.2048527927790265	1.0167981299470585	1.4276877676230613	7.0	5.0,7.0,8.0,9.0
Model3_health_status	8.9	1.2152752852922293	1.0244390009804838	1.441661258140879	7.0	5.0,7.0,8.0,9.0
Model3_health_status	8.95	1.225824141119996	1.0317896986991095	1.4563479620383157	7.0	5.0,7.0,8.0,9.0
Model3_health_status	9.0	1.2364828230093785	1.0388101301304804	1.4717701794120979	7.0	5.0,7.0,8.0,9.0
Model3_health_status	9.05	1.2472372531319356	1.0454756110320016	1.487935968266676	7.0	5.0,7.0,8.0,9.0
Model3_health_status	9.100000000000001	1.2580852209608877	1.0517887083159585	1.504844471789801	7.0	5.0,7.0,8.0,9.0
Model3_health_status	9.15	1.2690275400495716	1.0577598155630747	1.5224920380880513	7.0	5.0,7.0,8.0,9.0
Model3_health_status	9.2	1.2800650310272845	1.0634012248500622	1.5408732333272592	7.0	5.0,7.0,8.0,9.0
Model3_health_status	9.25	1.2911985216608277	1.0687266736548227	1.5599812968433284	7.0	5.0,7.0,8.0,9.0
Model3_health_status	9.3	1.3024288469165834	1.0737509158766392	1.5798085721729411	7.0	5.0,7.0,8.0,9.0
Model3_health_status	9.350000000000001	1.3137568490231366	1.078489332594367	1.6003468983817515	7.0	5.0,7.0,8.0,9.0
Model3_health_status	9.4	1.325183377534437	1.0829575921951842	1.6215879520581171	7.0	5.0,7.0,8.0,9.0
Model3_health_status	9.45	1.3367092893935133	1.0871713642123544	1.6435235356345368	7.0	5.0,7.0,8.0,9.0
Model3_health_status	9.5	1.34833544899674	1.0911460869735972	1.6661458119358414	7.0	5.0,7.0,8.0,9.0
Model3_health_status	9.55	1.3600627282586633	1.094896786092788	1.6894474879220605	7.0	5.0,7.0,8.0,9.0
Model3_health_status	9.600000000000001	1.371892006677391	1.0984379388682877	1.7134219525633092	7.0	5.0,7.0,8.0,9.0
Model3_health_status	9.65	1.3838241714005513	1.1017833786086033	1.7380633748266905	7.0	5.0,7.0,8.0,9.0
Model3_health_status	9.7	1.3958601172918266	1.104946232576664	1.7633667680845866	7.0	5.0,7.0,8.0,9.0
Model3_health_status	9.75	1.4080007469980635	1.1079388874158367	1.7893280270819094	7.0	5.0,7.0,8.0,9.0
Model3_health_status	9.8	1.420246971016967	1.110772976410111	1.815943943110595	7.0	5.0,7.0,8.0,9.0
Model3_health_status	9.850000000000001	1.4325997077653847	1.1134593835917868	1.8432122023787167	7.0	5.0,7.0,8.0,9.0
Model3_health_status	9.9	1.4450598836481847	1.116008260435754	1.8711313718358613	7.0	5.0,7.0,8.0,9.0
Model3_health_status	9.95	1.4576284331277327	1.1184290515982813	1.8997008759975906	7.0	5.0,7.0,8.0,9.0
Model3_health_status	10.0	1.4703062987939715	1.1207305268257288	1.9289209676443324	7.0	5.0,7.0,8.0,9.0
Model3_health_status	10.05	1.4830944314351115	1.1229208167516413	1.9587926946769925	7.0	5.0,7.0,8.0,9.0
Model3_health_status	10.100000000000001	1.4959937901089375	1.1250074508099421	1.9893178649023804	7.0	5.0,7.0,8.0,9.0
Model3_health_status	10.15	1.5090053422147314	1.1269973959181436	2.0204990100953073	7.0	5.0,7.0,8.0,9.0
Model3_health_status	10.2	1.5221300635658261	1.128897094933243	2.0523393503354823	7.0	5.0,7.0,8.0,9.0
Model3_health_status	10.25	1.5353689384627867	1.1307125041628752	2.0848427593375014	7.0	5.0,7.0,8.0,9.0
Model3_health_status	10.3	1.548722959767228	1.132449129435461	2.1180137312709704	7.0	5.0,7.0,8.0,9.0
Model3_health_status	10.350000000000001	1.5621931289762752	1.1341120604045543	2.151857349396445	7.0	5.0,7.0,8.0,9.0
Model3_health_status	10.4	1.575780456297672	1.135706002893599	2.186379256711856	7.0	5.0,7.0,8.0,9.0
Model3_health_status	10.45	1.5894859607255452	1.1372353091857255	2.2215856287056286	7.0	5.0,7.0,8.0,9.0
Model3_health_status	10.5	1.6033106701168205	1.1387040062353952	2.2574831482405857	7.0	5.0,7.0,8.0,9.0
Model3_health_status	10.55	1.61725562126831	1.140115821830613	2.2940789825408934	7.0	5.0,7.0,8.0,9.0
Model3_health_status	10.600000000000001	1.6313218599944672	1.1414742087706216	2.3313807622179725	7.0	5.0,7.0,8.0,9.0
Model3_health_status	10.65	1.6455104412058188	1.1427823671479291	2.369396562247504	7.0	5.0,7.0,8.0,9.0
Model3_health_status	10.7	1.6598224289880794	1.1440432648383894	2.408134884794823	7.0	5.0,7.0,8.0,9.0
Model3_health_status	10.75	1.6742588966819538	1.1452596563113044	2.4476046437775882	7.0	5.0,7.0,8.0,9.0
Model3_health_status	10.8	1.688820926963631	1.146434099874499	2.487815151051875	7.0	5.0,7.0,8.0,9.0
Model3_health_status	10.850000000000001	1.7035096119259812	1.1475689734690073	2.528776104108029	7.0	5.0,7.0,8.0,9.0
Model3_health_status	10.9	1.718326053160461	1.1486664891251026	2.5704975751655548	7.0	5.0,7.0,8.0,9.0
Model3_health_status	10.95	1.7332713618397246	1.1497287061867894	2.61299000156099	7.0	5.0,7.0,8.0,9.0
Model3_health_status	11.0	1.7483466588009613	1.1507575434063242	2.6562641773282563	7.0	5.0,7.0,8.0,9.0
