model	term	beta	se	HR	lower_95	upper_95	p_value	P	n	events	converged	iterations	excluded_cycle	adjustment_model
leave_out_2005-2006_Model2_confounder	sleep[>=9 h]	0.4900816943419513	0.16189442434951928	1.6324495764019842	1.1885979905172475	2.242046209698979	0.0024685634822218757	0.002	28794	667	True	10	2005-2006	Model2_confounder
leave_out_2005-2006_Model3_health_status	sleep[>=9 h]	0.41397577041723016	0.15688782378415816	1.5128204714314948	1.1123571098084237	2.0574559721889756	0.008323105562349843	0.008	28794	667	True	7	2005-2006	Model3_health_status
leave_out_2007-2008_Model2_confounder	sleep[>=9 h]	0.4527833982087017	0.1590116354608273	1.5726835035552222	1.1515701046525708	2.1477922988465687	0.00440660389841941	0.004	27931	669	True	7	2007-2008	Model2_confounder
leave_out_2007-2008_Model3_health_status	sleep[>=9 h]	0.3378695439188127	0.15606914230826163	1.4019575975808203	1.0324964895508946	1.903624007738286	0.03039757360501843	0.030	27931	669	True	9	2007-2008	Model3_health_status
leave_out_2009-2010_Model2_confounder	sleep[>=9 h]	0.6012900873326373	0.15648608556637356	1.8244710097249495	1.3425663857692753	2.479351859699267	0.000121811829262867	<0.001	27620	709	True	7	2009-2010	Model2_confounder
leave_out_2009-2010_Model3_health_status	sleep[>=9 h]	0.48752976949416604	0.15108753682499623	1.628288998763853	1.2109481391070849	2.1894621064865705	0.0012518146238870598	0.001	27620	709	True	9	2009-2010	Model3_health_status
leave_out_2011-2012_Model2_confounder	sleep[>=9 h]	0.41760459453330373	0.15065068558803596	1.5183202035866483	1.1301322672459477	2.0398464033216617	0.005571202080489626	0.006	28198	757	True	7	2011-2012	Model2_confounder
leave_out_2011-2012_Model3_health_status	sleep[>=9 h]	0.31761606775393203	0.14778048023583312	1.3738486951439417	1.0283665286587558	1.8353964122212594	0.03161519318792021	0.032	28198	757	True	10	2011-2012	Model3_health_status
leave_out_2013-2014_Model2_confounder	sleep[>=9 h]	0.5517011230524362	0.13763434029509766	1.7362040038152708	1.325702851869387	2.273815990222496	6.111716211960578e-05	<0.001	27926	767	True	7	2013-2014	Model2_confounder
leave_out_2013-2014_Model3_health_status	sleep[>=9 h]	0.45246725875544086	0.13028491185678032	1.5721863948342356	1.2178822914684468	2.0295640041876	0.000514855545582377	<0.001	27926	767	True	9	2013-2014	Model3_health_status
leave_out_2015-2016_Model2_confounder	sleep[>=9 h]	0.5919717591155189	0.14142563576713232	1.8075489551099595	1.369961457895441	2.3849088646174668	2.8423131621312013e-05	<0.001	28222	826	True	7	2015-2016	Model2_confounder
leave_out_2015-2016_Model3_health_status	sleep[>=9 h]	0.4883547159280842	0.13637972088872546	1.629632804174303	1.2473925027177688	2.1290035579457647	0.000342484078310932	<0.001	28222	826	True	9	2015-2016	Model3_health_status
leave_out_2017-2018_Model2_confounder	sleep[>=9 h]	0.5824788050966158	0.13568452291111338	1.7904711635856063	1.3723739176886502	2.335942811439302	1.7636196223275437e-05	<0.001	28589	855	True	7	2017-2018	Model2_confounder
leave_out_2017-2018_Model3_health_status	sleep[>=9 h]	0.4741228583739082	0.13154258359638843	1.6066043597019162	1.24147989546766	2.079113466143473	0.0003129594143007237	<0.001	28589	855	True	9	2017-2018	Model3_health_status
