model	term	follow_up_years	HR	lower_95	upper_95
Model2_confounder	sleep[<6 h]	1.0	1.1261017913598228	0.5601782706312559	2.263753006832619
Model2_confounder	sleep[<6 h]	5.0	1.450086145793957	0.9344517147591477	2.2502498492022682
Model2_confounder	sleep[<6 h]	10.0	1.6169219120161165	0.8435419646820527	3.0993555496000553
Model2_confounder	sleep[6-<7 h]	1.0	0.9923129953370514	0.4542449932467658	2.1677400859757348
Model2_confounder	sleep[6-<7 h]	5.0	1.390370998018675	0.8960931942358126	2.157288465715911
Model2_confounder	sleep[6-<7 h]	10.0	1.6077446493862881	0.8369362908068374	3.0884583283374596
Model2_confounder	sleep[8-<9 h]	1.0	1.0178047700272024	0.47214517862417343	2.1940847789843083
Model2_confounder	sleep[8-<9 h]	5.0	1.2501503691675566	0.6969457980274086	2.242464119811387
Model2_confounder	sleep[8-<9 h]	10.0	1.365905677987433	0.6126320907697997	3.0453813133000835
Model2_confounder	sleep[>=9 h]	1.0	1.134842947553659	0.5033086739553007	2.558804531405023
Model2_confounder	sleep[>=9 h]	5.0	1.8084941818423115	1.0098115571418171	3.2388728200088956
Model2_confounder	sleep[>=9 h]	10.0	2.21043638337385	0.955266542038753	5.114833179978214
Model3_health_status	sleep[<6 h]	1.0	0.971948891688762	0.46960403731307226	2.0116621089124433
Model3_health_status	sleep[<6 h]	5.0	1.2358103655221895	0.8045600646636173	1.8982141006098951
Model3_health_status	sleep[<6 h]	10.0	1.370487309261658	0.7391647288205192	2.541024201525888
Model3_health_status	sleep[6-<7 h]	1.0	0.9036765463566501	0.4068751637883443	2.0070807292132797
Model3_health_status	sleep[6-<7 h]	5.0	1.3304755133880959	0.8829210290744492	2.004896285663227
Model3_health_status	sleep[6-<7 h]	10.0	1.5716575021295893	0.8442545491321058	2.925785009437606
Model3_health_status	sleep[8-<9 h]	1.0	0.9958896484498293	0.46087890200996234	2.1519670081753626
Model3_health_status	sleep[8-<9 h]	5.0	1.2126753113974793	0.7218503433630347	2.037238638720693
Model3_health_status	sleep[8-<9 h]	10.0	1.3200237064889184	0.64880019165119	2.6856690366539384
Model3_health_status	sleep[>=9 h]	1.0	1.0489359524480888	0.47899856859723494	2.2970144473716294
Model3_health_status	sleep[>=9 h]	5.0	1.6212678494126698	1.0487853091589587	2.506241665081136
Model3_health_status	sleep[>=9 h]	10.0	1.9556818500941524	0.9910893889510751	3.8590782440275846
