model	term	beta	se	HR	lower_95	upper_95	p_value	P	n	events	converged	iterations	global_sleep_wald	global_sleep_p	period
0_to_5_years_Model2_confounder	sleep[<6 h]	0.3086021104680398	0.24347016408522745	1.3615205279482105	0.8448546802508253	2.1941502975091836	0.20497116623913347	0.205	32880	429	True	9	2.6211745438733987	0.6230767650302003	0_to_5_years
0_to_5_years_Model2_confounder	sleep[6-<7 h]	0.24624207252692393	0.2081174783672842	1.2792091974673985	0.8507298170250366	1.9234969059948064	0.2367347057365258	0.237	32880	429	True	9	2.6211745438733987	0.6230767650302003	0_to_5_years
0_to_5_years_Model2_confounder	sleep[8-<9 h]	0.17605288025268856	0.17725233968463502	1.1925011167437756	0.8425221538717048	1.6878593718874437	0.3205964003019857	0.321	32880	429	True	9	2.6211745438733987	0.6230767650302003	0_to_5_years
0_to_5_years_Model2_confounder	sleep[>=9 h]	0.3278420472840258	0.21755778078309293	1.3879697213870474	0.9061382709808422	2.126011017503936	0.13183131009904442	0.132	32880	429	True	9	2.6211745438733987	0.6230767650302003	0_to_5_years
0_to_5_years_Model3_health_status	sleep[<6 h]	0.1542364328348173	0.2495403758246684	1.1667667161318622	0.7154427361869745	1.9028001837415458	0.5365212386954736	0.537	32880	429	True	8	1.327313280808567	0.8567246859980219	0_to_5_years
0_to_5_years_Model3_health_status	sleep[6-<7 h]	0.17442319293523523	0.21053030033469652	1.19055929550826	0.7880382786199794	1.7986834835020253	0.4073905164524651	0.407	32880	429	True	8	1.327313280808567	0.8567246859980219	0_to_5_years
0_to_5_years_Model3_health_status	sleep[8-<9 h]	0.15670300877404814	0.18161665543398495	1.1696481870630977	0.8193375796664021	1.6697353025806674	0.38823484807174047	0.388	32880	429	True	8	1.327313280808567	0.8567246859980219	0_to_5_years
0_to_5_years_Model3_health_status	sleep[>=9 h]	0.23952303181061527	0.21708104797932345	1.2706429494966665	0.83031676704746	1.944478985829396	0.26986188816526124	0.270	32880	429	True	8	1.327313280808567	0.8567246859980219	0_to_5_years
after_5_years_Model2_confounder	sleep[<6 h]	0.3847476508825267	0.19987689749249427	1.4692435123527434	0.9930206003885308	2.1738486570631252	0.05423898342802189	0.054	22610	446	True	7	30.355392082006205	4.14311542504507e-06	after_5_years
after_5_years_Model2_confounder	sleep[6-<7 h]	0.3579025663641724	0.17228095728863782	1.4303262518032769	1.0204442736377406	2.0048455750596776	0.03776138804558835	0.038	22610	446	True	7	30.355392082006205	4.14311542504507e-06	after_5_years
after_5_years_Model2_confounder	sleep[8-<9 h]	0.23025313279842424	0.16494672453616374	1.2589186431986523	0.9111602362717351	1.7394044286634982	0.16273730715926962	0.163	22610	446	True	7	30.355392082006205	4.14311542504507e-06	after_5_years
after_5_years_Model2_confounder	sleep[>=9 h]	0.7592056844660457	0.14215222743587458	2.136578428859395	1.6170321103403718	2.8230530200828197	9.254064959673537e-08	<0.001	22610	446	True	7	30.355392082006205	4.14311542504507e-06	after_5_years
after_5_years_Model3_health_status	sleep[<6 h]	0.2205662460643432	0.1930496129362822	1.2467825164373172	0.854017116614614	1.8201820701858857	0.25323104668883234	0.253	22610	446	True	8	22.011892494465208	0.00019933092004121672	after_5_years
after_5_years_Model3_health_status	sleep[6-<7 h]	0.3322217203375964	0.16641773765718332	1.3940619061255277	1.0060672799718127	1.9316885031434368	0.04589997683218738	0.046	22610	446	True	8	22.011892494465208	0.00019933092004121672	after_5_years
after_5_years_Model3_health_status	sleep[8-<9 h]	0.191403651858948	0.15356077419927266	1.2109481549155816	0.8962194850520024	1.6362012412711209	0.21260443202458998	0.213	22610	446	True	8	22.011892494465208	0.00019933092004121672	after_5_years
after_5_years_Model3_health_status	sleep[>=9 h]	0.6424445512401518	0.14183381876008194	1.901122595134966	1.4397296813489466	2.510378974993653	5.910712290831288e-06	<0.001	22610	446	True	8	22.011892494465208	0.00019933092004121672	after_5_years
