model	term	beta	se	HR	lower_95	upper_95	p_value	P	n	events	converged	iterations	global_sleep_wald	global_sleep_p	lag_months	source_cycles	source_n_before_lag	source_heart_deaths_before_lag
same_cycle_lag0_Model2_confounder	sleep[<6 h]	0.45458226883954067	0.16273460730792255	1.575515103799058	1.1452561221713056	2.1674172215668506	0.005215773051681722	0.005	23931	806	True	6	22.591583825587595	0.0001527764479044372	0	2005-2006, 2007-2008, 2009-2010, 2011-2012, 2013-2014	23931	806
same_cycle_lag0_Model2_confounder	sleep[6-<7 h]	0.37435604420461455	0.1341888800134592	1.4540547660770173	1.117786814954973	1.891483451463379	0.005274557874914176	0.005	23931	806	True	6	22.591583825587595	0.0001527764479044372	0	2005-2006, 2007-2008, 2009-2010, 2011-2012, 2013-2014	23931	806
same_cycle_lag0_Model2_confounder	sleep[8-<9 h]	0.28308700693970834	0.11815005988063837	1.3272206341993344	1.0528672373381365	1.6730643231885083	0.01657529567298142	0.017	23931	806	True	6	22.591583825587595	0.0001527764479044372	0	2005-2006, 2007-2008, 2009-2010, 2011-2012, 2013-2014	23931	806
same_cycle_lag0_Model2_confounder	sleep[>=9 h]	0.6540225121642095	0.13918742114100652	1.9232616334038286	1.4640699282944218	2.5264744798305245	2.61614888274693e-06	<0.001	23931	806	True	6	22.591583825587595	0.0001527764479044372	0	2005-2006, 2007-2008, 2009-2010, 2011-2012, 2013-2014	23931	806
same_cycle_lag0_Model3_health_status	sleep[<6 h]	0.2928134310444642	0.15944480307176093	1.340192728747914	0.9804999929869419	1.8318373921831332	0.06629018289738267	0.066	23931	806	True	9	17.307813021899285	0.001684066528463885	0	2005-2006, 2007-2008, 2009-2010, 2011-2012, 2013-2014	23931	806
same_cycle_lag0_Model3_health_status	sleep[6-<7 h]	0.3360116657957194	0.13103877637536906	1.399355349309355	1.082399551504792	1.8091243579308136	0.010340930733361064	0.010	23931	806	True	9	17.307813021899285	0.001684066528463885	0	2005-2006, 2007-2008, 2009-2010, 2011-2012, 2013-2014	23931	806
same_cycle_lag0_Model3_health_status	sleep[8-<9 h]	0.2531350550455604	0.11588520193062486	1.2880572237151973	1.0263452929021588	1.616504136608402	0.02893576998468989	0.029	23931	806	True	9	17.307813021899285	0.001684066528463885	0	2005-2006, 2007-2008, 2009-2010, 2011-2012, 2013-2014	23931	806
same_cycle_lag0_Model3_health_status	sleep[>=9 h]	0.5456144475638526	0.13384892339163576	1.7256683894216096	1.3274706681665864	2.2433123847187457	4.5749041516578795e-05	<0.001	23931	806	True	9	17.307813021899285	0.001684066528463885	0	2005-2006, 2007-2008, 2009-2010, 2011-2012, 2013-2014	23931	806
same_cycle_lag24_Model2_confounder	sleep[<6 h]	0.48699550921841833	0.16993037992551435	1.6274193009775526	1.1664186653638045	2.270620026787898	0.004158871584923822	0.004	23464	705	True	6	23.525511469760133	9.941331360353438e-05	24	2005-2006, 2007-2008, 2009-2010, 2011-2012, 2013-2014	23931	806
same_cycle_lag24_Model2_confounder	sleep[6-<7 h]	0.3681029342851275	0.14493880285877556	1.4449907704109337	1.0876594573928016	1.9197169779389103	0.011094352739566186	0.011	23464	705	True	6	23.525511469760133	9.941331360353438e-05	24	2005-2006, 2007-2008, 2009-2010, 2011-2012, 2013-2014	23931	806
same_cycle_lag24_Model2_confounder	sleep[8-<9 h]	0.27673913824783264	0.13087028602852546	1.3188222958639877	1.0204442696877114	1.7044460924850293	0.03446351175366966	0.034	23464	705	True	6	23.525511469760133	9.941331360353438e-05	24	2005-2006, 2007-2008, 2009-2010, 2011-2012, 2013-2014	23931	806
same_cycle_lag24_Model2_confounder	sleep[>=9 h]	0.664938238485771	0.14041451277551195	1.9443704303663676	1.4765833187906063	2.560354246436679	2.1847493610637484e-06	<0.001	23464	705	True	6	23.525511469760133	9.941331360353438e-05	24	2005-2006, 2007-2008, 2009-2010, 2011-2012, 2013-2014	23931	806
same_cycle_lag24_Model3_health_status	sleep[<6 h]	0.3300956008010749	0.16680406767076802	1.3911011124877195	1.0031706516077115	1.9290459724506706	0.04782251957199068	0.048	23464	705	True	10	17.141859050183253	0.00181403942228433	24	2005-2006, 2007-2008, 2009-2010, 2011-2012, 2013-2014	23931	806
same_cycle_lag24_Model3_health_status	sleep[6-<7 h]	0.3302255388554821	0.14182597768928162	1.391281881203873	1.0536409427067712	1.8371204026995414	0.019891647062371096	0.020	23464	705	True	10	17.141859050183253	0.00181403942228433	24	2005-2006, 2007-2008, 2009-2010, 2011-2012, 2013-2014	23931	806
same_cycle_lag24_Model3_health_status	sleep[8-<9 h]	0.24478118275249405	0.12564252657394087	1.2773417782104306	0.9985274410214832	1.6340081917955835	0.051386836409483716	0.051	23464	705	True	10	17.141859050183253	0.00181403942228433	24	2005-2006, 2007-2008, 2009-2010, 2011-2012, 2013-2014	23931	806
same_cycle_lag24_Model3_health_status	sleep[>=9 h]	0.557094534638929	0.1373130906767141	1.7455933641879813	1.3337117201542716	2.2846737769873195	4.9683342502413257e-05	<0.001	23464	705	True	10	17.141859050183253	0.00181403942228433	24	2005-2006, 2007-2008, 2009-2010, 2011-2012, 2013-2014	23931	806
same_cycle_lag60_Model2_confounder	sleep[<6 h]	0.3846013169858971	0.19988778052912748	1.4690285279546191	0.9928541202846756	2.173576935276001	0.05434378149061463	0.054	22529	446	True	7	30.35138472631403	4.150911043902736e-06	60	2005-2006, 2007-2008, 2009-2010, 2011-2012, 2013-2014	23931	806
same_cycle_lag60_Model2_confounder	sleep[6-<7 h]	0.35777720386574	0.17227069565618086	1.430146953769637	1.0203368774599746	2.0045539415062508	0.03781711561906056	0.038	22529	446	True	7	30.35138472631403	4.150911043902736e-06	60	2005-2006, 2007-2008, 2009-2010, 2011-2012, 2013-2014	23931	806
same_cycle_lag60_Model2_confounder	sleep[8-<9 h]	0.2301249700158634	0.16494057368959877	1.2587573070211897	0.9110544500173964	1.7391605495686704	0.162955753434338	0.163	22529	446	True	7	30.35138472631403	4.150911043902736e-06	60	2005-2006, 2007-2008, 2009-2010, 2011-2012, 2013-2014	23931	806
same_cycle_lag60_Model2_confounder	sleep[>=9 h]	0.7591563675884386	0.14215617821960275	2.136473062080723	1.6169398446816294	2.8229356583734373	9.279387282464067e-08	<0.001	22529	446	True	7	30.35138472631403	4.150911043902736e-06	60	2005-2006, 2007-2008, 2009-2010, 2011-2012, 2013-2014	23931	806
same_cycle_lag60_Model3_health_status	sleep[<6 h]	0.22045431553889425	0.19305387148280742	1.246642971224962	0.8539144040697172	1.8199935383426515	0.2534824540866308	0.253	22529	446	True	8	22.015795258597006	0.00019897466354556957	60	2005-2006, 2007-2008, 2009-2010, 2011-2012, 2013-2014	23931	806
same_cycle_lag60_Model3_health_status	sleep[6-<7 h]	0.3321300670631028	0.1664035986446187	1.3939341416420907	1.0060029527594434	1.9314579404620267	0.045941456084987675	0.046	22529	446	True	8	22.015795258597006	0.00019897466354556957	60	2005-2006, 2007-2008, 2009-2010, 2011-2012, 2013-2014	23931	806
same_cycle_lag60_Model3_health_status	sleep[8-<9 h]	0.19130494273605714	0.15355120629107774	1.2108286291845807	0.8961478294622639	1.6360090612870777	0.21281188310017543	0.213	22529	446	True	8	22.015795258597006	0.00019897466354556957	60	2005-2006, 2007-2008, 2009-2010, 2011-2012, 2013-2014	23931	806
same_cycle_lag60_Model3_health_status	sleep[>=9 h]	0.6425161903449577	0.14184039182642647	1.9012587947343582	1.439814276780658	2.510591166408765	5.902460967269853e-06	<0.001	22529	446	True	8	22.015795258597006	0.00019897466354556957	60	2005-2006, 2007-2008, 2009-2010, 2011-2012, 2013-2014	23931	806
