sleep_group	horizon_years	standardized_risk	risk_percent	lower_95_bootstrap	upper_95_bootstrap	n	heart_deaths	other_deaths
<6 h	5.0	0.010772520056659803	1.0772520056659802	0.008879594833804197	0.012732112690296248	32880	875	2629
6-<7 h	5.0	0.010632152017294927	1.0632152017294927	0.009054503689932792	0.012346889494778926	32880	875	2629
7-<8 h	5.0	0.008010433705067526	0.8010433705067526	0.006625985800368183	0.00943541807332621	32880	875	2629
8-<9 h	5.0	0.009595601133286637	0.9595601133286638	0.008333379013553199	0.01092554101424713	32880	875	2629
>=9 h	5.0	0.012972493154187976	1.2972493154187976	0.01114141142428473	0.014801530271854227	32880	875	2629
<6 h	10.0	0.023886515164654967	2.388651516465497	0.02030117647400446	0.027415754451680034	32880	875	2629
6-<7 h	10.0	0.024294998675107704	2.4294998675107706	0.021429060877942645	0.027227771711149706	32880	875	2629
7-<8 h	10.0	0.018712846541184	1.8712846541183998	0.015774481633302008	0.021881149380926276	32880	875	2629
8-<9 h	10.0	0.021906977157644947	2.190697715764495	0.01948753925813024	0.024417041992884546	32880	875	2629
>=9 h	10.0	0.028826947128089336	2.8826947128089335	0.0247369241250779	0.03303275186314834	32880	875	2629
