model	sleep_group	month	years	risk	lower_95_bootstrap	upper_95_bootstrap	bootstrap_replicates
Model2_confounder_standardized_CIF	<6 h	0	0.0	0.0	0.0	0.0	500
Model2_confounder_standardized_CIF	<6 h	1	0.08333333333333333	4.926715336833407e-05	6.7050620739058335e-06	9.243565156100383e-05	500
Model2_confounder_standardized_CIF	<6 h	2	0.16666666666666666	7.045953004054464e-05	2.457765100898287e-05	0.00011759935646414716	500
Model2_confounder_standardized_CIF	<6 h	3	0.25	0.00013089192805382455	7.64220472690023e-05	0.00019419826774621517	500
Model2_confounder_standardized_CIF	<6 h	4	0.3333333333333333	0.00026587408437396467	0.0001447707934252313	0.00040105727773538153	500
Model2_confounder_standardized_CIF	<6 h	5	0.4166666666666667	0.0003598838789712256	0.00021877035092999022	0.0005055997603627925	500
Model2_confounder_standardized_CIF	<6 h	6	0.5	0.00039569725925080233	0.0002457521242853256	0.0005538126771668488	500
Model2_confounder_standardized_CIF	<6 h	7	0.5833333333333334	0.0007577714761429062	0.0004476357638980082	0.0010817898184464247	500
Model2_confounder_standardized_CIF	<6 h	8	0.6666666666666666	0.0009131176735183063	0.0005930175031899793	0.0012798366699155257	500
Model2_confounder_standardized_CIF	<6 h	9	0.75	0.000995843025456335	0.0006665438465666869	0.0013418806689369683	500
Model2_confounder_standardized_CIF	<6 h	10	0.8333333333333334	0.001173507690302823	0.0008347438581508097	0.0015526528052118142	500
Model2_confounder_standardized_CIF	<6 h	11	0.9166666666666666	0.0013300261411474223	0.0009524994338544345	0.0017208080746663062	500
Model2_confounder_standardized_CIF	<6 h	12	1.0	0.0014942546232658985	0.0010807039174761054	0.0019351239627309704	500
Model2_confounder_standardized_CIF	<6 h	13	1.0833333333333333	0.001589117082535463	0.0011730122282686988	0.002030954136853153	500
Model2_confounder_standardized_CIF	<6 h	14	1.1666666666666667	0.001848308121061021	0.0013669267862748602	0.0023083732557041313	500
Model2_confounder_standardized_CIF	<6 h	15	1.25	0.0019450247925771914	0.0014572893994848884	0.002442543540896224	500
Model2_confounder_standardized_CIF	<6 h	16	1.3333333333333333	0.0021440884244910588	0.0016477018257594492	0.00266309745166266	500
Model2_confounder_standardized_CIF	<6 h	17	1.4166666666666667	0.002274109202336842	0.0017464162577850947	0.00282556932596701	500
Model2_confounder_standardized_CIF	<6 h	18	1.5	0.0023397583039994024	0.0018083396500706353	0.0029052008435244067	500
Model2_confounder_standardized_CIF	<6 h	19	1.5833333333333333	0.002416759332035925	0.0018571240974679713	0.0029940802860915694	500
Model2_confounder_standardized_CIF	<6 h	20	1.6666666666666667	0.0025009459193111984	0.0019383675704734873	0.003087099691274239	500
Model2_confounder_standardized_CIF	<6 h	21	1.75	0.002589921729247079	0.0020115151931269677	0.003162652726107156	500
Model2_confounder_standardized_CIF	<6 h	22	1.8333333333333333	0.0027962479923316426	0.002165646178413915	0.0034027026731264357	500
Model2_confounder_standardized_CIF	<6 h	23	1.9166666666666667	0.002874104434231226	0.0022394368847226133	0.0034869248543166476	500
Model2_confounder_standardized_CIF	<6 h	24	2.0	0.002961905487419986	0.0023038310228853573	0.003596487526159804	500
Model2_confounder_standardized_CIF	<6 h	25	2.0833333333333335	0.00318605982889039	0.002551244342156656	0.0038127301060841457	500
Model2_confounder_standardized_CIF	<6 h	26	2.1666666666666665	0.0034353597877308686	0.0027701901556261115	0.004090917519921462	500
Model2_confounder_standardized_CIF	<6 h	27	2.25	0.003633853663011771	0.002937052484651351	0.004326765261329716	500
Model2_confounder_standardized_CIF	<6 h	28	2.3333333333333335	0.004018640225483045	0.003244812348504838	0.0048478314593644175	500
Model2_confounder_standardized_CIF	<6 h	29	2.4166666666666665	0.004300925204531965	0.0034130316910092047	0.0051391235237943185	500
Model2_confounder_standardized_CIF	<6 h	30	2.5	0.0046474155040542135	0.0036967350716452657	0.005562707811665896	500
Model2_confounder_standardized_CIF	<6 h	31	2.5833333333333335	0.004751238007039886	0.0037752472250179897	0.005691707506558459	500
Model2_confounder_standardized_CIF	<6 h	32	2.6666666666666665	0.0048537194849531985	0.003867929137486607	0.005828337698139389	500
Model2_confounder_standardized_CIF	<6 h	33	2.75	0.005003144419190234	0.004038646558220813	0.005976894597762189	500
Model2_confounder_standardized_CIF	<6 h	34	2.8333333333333335	0.005186975929610993	0.004207898586907226	0.00619542283505451	500
Model2_confounder_standardized_CIF	<6 h	35	2.9166666666666665	0.005293175270168792	0.0042827592128529685	0.006362095327158474	500
Model2_confounder_standardized_CIF	<6 h	36	3.0	0.005461208501293729	0.004432159127774803	0.006546159807328917	500
Model2_confounder_standardized_CIF	<6 h	37	3.0833333333333335	0.005694253772630824	0.004614575739661945	0.006823462597668897	500
Model2_confounder_standardized_CIF	<6 h	38	3.1666666666666665	0.005868444443256776	0.004790335625761006	0.007023697860101695	500
Model2_confounder_standardized_CIF	<6 h	39	3.25	0.006241608702250998	0.00508281967980774	0.007459306476918332	500
Model2_confounder_standardized_CIF	<6 h	40	3.3333333333333335	0.0063643253576336845	0.005209490766064844	0.007590913464572542	500
Model2_confounder_standardized_CIF	<6 h	41	3.4166666666666665	0.006542276892485261	0.005371341412296573	0.00781878386825	500
Model2_confounder_standardized_CIF	<6 h	42	3.5	0.006761165912874132	0.005579516682947457	0.008081739042761757	500
Model2_confounder_standardized_CIF	<6 h	43	3.5833333333333335	0.006965181013180571	0.005758893042257198	0.008246653118464205	500
Model2_confounder_standardized_CIF	<6 h	44	3.6666666666666665	0.007431079989619388	0.006154748761318778	0.008862101387636063	500
Model2_confounder_standardized_CIF	<6 h	45	3.75	0.007565751028356882	0.0062614475265879805	0.00901538025690165	500
Model2_confounder_standardized_CIF	<6 h	46	3.8333333333333335	0.007877093650841683	0.006513873221480358	0.009317616738702524	500
Model2_confounder_standardized_CIF	<6 h	47	3.9166666666666665	0.008012144840176968	0.006593077751748983	0.009504695699694712	500
Model2_confounder_standardized_CIF	<6 h	48	4.0	0.008125318240889584	0.0067049007993404235	0.009601921549940896	500
Model2_confounder_standardized_CIF	<6 h	49	4.083333333333333	0.008289311652486437	0.006833396135946145	0.009818183509009362	500
Model2_confounder_standardized_CIF	<6 h	50	4.166666666666667	0.008389712550750418	0.006928229162959919	0.009924338061131008	500
Model2_confounder_standardized_CIF	<6 h	51	4.25	0.008563087034739462	0.007066143342200119	0.010113504075539102	500
Model2_confounder_standardized_CIF	<6 h	52	4.333333333333333	0.008785850632902959	0.007234194745720983	0.010379145455923963	500
Model2_confounder_standardized_CIF	<6 h	53	4.416666666666667	0.00899074743055863	0.007459943290655077	0.010605540282672975	500
Model2_confounder_standardized_CIF	<6 h	54	4.5	0.009195674646169409	0.00759335217610126	0.010827427555711809	500
Model2_confounder_standardized_CIF	<6 h	55	4.583333333333333	0.009565941997173824	0.007887410977937184	0.011330911942248372	500
Model2_confounder_standardized_CIF	<6 h	56	4.666666666666667	0.009763134736403415	0.008065573213052108	0.011552082433168177	500
Model2_confounder_standardized_CIF	<6 h	57	4.75	0.010164928738596113	0.00843507935043557	0.012019896179741295	500
Model2_confounder_standardized_CIF	<6 h	58	4.833333333333333	0.010314408278382522	0.008549503696182369	0.012203261536128687	500
Model2_confounder_standardized_CIF	<6 h	59	4.916666666666667	0.010569280315372005	0.00871139618715387	0.01251281215682081	500
Model2_confounder_standardized_CIF	<6 h	60	5.0	0.010772520056659803	0.008879594833804197	0.012732112690296248	500
Model2_confounder_standardized_CIF	<6 h	61	5.083333333333333	0.011116986413540397	0.009121752499918576	0.013119861583693458	500
Model2_confounder_standardized_CIF	<6 h	62	5.166666666666667	0.011566892589273122	0.009523569262518258	0.01360020453173483	500
Model2_confounder_standardized_CIF	<6 h	63	5.25	0.011741117892074326	0.009699349625900367	0.013823323058810153	500
Model2_confounder_standardized_CIF	<6 h	64	5.333333333333333	0.012070928192716122	0.010017943049892427	0.014257432580905886	500
Model2_confounder_standardized_CIF	<6 h	65	5.416666666666667	0.012442854621846055	0.010260188263374987	0.01469655329164535	500
Model2_confounder_standardized_CIF	<6 h	66	5.5	0.012634290163930893	0.010393723071304574	0.014878302446046286	500
Model2_confounder_standardized_CIF	<6 h	67	5.583333333333333	0.012791913870737484	0.010514917082977762	0.015042079543788741	500
Model2_confounder_standardized_CIF	<6 h	68	5.666666666666667	0.013148590773855983	0.010745070188175438	0.01551102331933682	500
Model2_confounder_standardized_CIF	<6 h	69	5.75	0.01325709803782438	0.01084227947035315	0.015610320263641413	500
Model2_confounder_standardized_CIF	<6 h	70	5.833333333333333	0.013572999979947108	0.011139395454772319	0.015925488762052145	500
Model2_confounder_standardized_CIF	<6 h	71	5.916666666666667	0.01381287973639379	0.011372673788622577	0.01616645714009749	500
Model2_confounder_standardized_CIF	<6 h	72	6.0	0.01410389587571627	0.011605452660781165	0.016533878009787045	500
Model2_confounder_standardized_CIF	<6 h	73	6.083333333333333	0.014251675748366062	0.011736355418927445	0.01667694545548579	500
Model2_confounder_standardized_CIF	<6 h	74	6.166666666666667	0.01438048959992002	0.01184434385192001	0.016820737908404063	500
Model2_confounder_standardized_CIF	<6 h	75	6.25	0.01453147112782864	0.011985256865663384	0.0170012064654172	500
Model2_confounder_standardized_CIF	<6 h	76	6.333333333333333	0.014620701214295423	0.012064945167488194	0.017065516894536593	500
Model2_confounder_standardized_CIF	<6 h	77	6.416666666666667	0.015175995097593724	0.012616459436686803	0.01761189729084897	500
Model2_confounder_standardized_CIF	<6 h	78	6.5	0.0154434299427018	0.012765409353115516	0.017930672465933887	500
Model2_confounder_standardized_CIF	<6 h	79	6.583333333333333	0.01584885323725538	0.01314087226285867	0.01842979899537527	500
Model2_confounder_standardized_CIF	<6 h	80	6.666666666666667	0.015968663102010356	0.013251006334317491	0.018562902401612444	500
Model2_confounder_standardized_CIF	<6 h	81	6.75	0.016315054732962995	0.013552313190689648	0.019028758872889004	500
Model2_confounder_standardized_CIF	<6 h	82	6.833333333333333	0.016423726710678117	0.013587952710845163	0.01914490575861144	500
Model2_confounder_standardized_CIF	<6 h	83	6.916666666666667	0.016515154673842132	0.013671459880074798	0.019201263747367855	500
Model2_confounder_standardized_CIF	<6 h	84	7.0	0.016870497287126793	0.014027841568333482	0.019624027894846196	500
Model2_confounder_standardized_CIF	<6 h	85	7.083333333333333	0.017204211222752463	0.01435345947618561	0.020083289453736188	500
Model2_confounder_standardized_CIF	<6 h	86	7.166666666666667	0.017359232213225773	0.014508536616557965	0.02028687104985874	500
Model2_confounder_standardized_CIF	<6 h	87	7.25	0.017588748225021857	0.014725648834958563	0.020464211621754002	500
Model2_confounder_standardized_CIF	<6 h	88	7.333333333333333	0.01771314720176907	0.014833026402568042	0.02057361197758283	500
Model2_confounder_standardized_CIF	<6 h	89	7.416666666666667	0.017832140611588276	0.014984617606083635	0.020726046639414446	500
Model2_confounder_standardized_CIF	<6 h	90	7.5	0.01815237650871708	0.015267180288325643	0.02103515415668886	500
Model2_confounder_standardized_CIF	<6 h	91	7.583333333333333	0.018239784458556847	0.015344464441513331	0.021141334800531722	500
Model2_confounder_standardized_CIF	<6 h	92	7.666666666666667	0.018460951810363245	0.015513567010257037	0.021367546595065724	500
Model2_confounder_standardized_CIF	<6 h	93	7.75	0.018536411801254888	0.015581924536246431	0.021480743059588518	500
Model2_confounder_standardized_CIF	<6 h	94	7.833333333333333	0.019006778135929492	0.015950030766782704	0.022003319581351988	500
Model2_confounder_standardized_CIF	<6 h	95	7.916666666666667	0.019197951183393267	0.016007163559006055	0.022325745652452756	500
Model2_confounder_standardized_CIF	<6 h	96	8.0	0.01939259225194924	0.016180477847169243	0.022566869147729134	500
Model2_confounder_standardized_CIF	<6 h	97	8.083333333333334	0.01959847070127209	0.016320018727676463	0.022879809377568668	500
Model2_confounder_standardized_CIF	<6 h	98	8.166666666666666	0.01967527242291816	0.01637222724247019	0.022947609432408086	500
Model2_confounder_standardized_CIF	<6 h	99	8.25	0.01995953356596434	0.016654133239659932	0.023202500170792957	500
Model2_confounder_standardized_CIF	<6 h	100	8.333333333333334	0.020132652039474258	0.016796792233146646	0.023329818213505934	500
Model2_confounder_standardized_CIF	<6 h	101	8.416666666666666	0.020252833610639533	0.016888125612834478	0.023485663260686004	500
Model2_confounder_standardized_CIF	<6 h	102	8.5	0.020423566552613574	0.01702862951405846	0.023726382639722363	500
Model2_confounder_standardized_CIF	<6 h	103	8.583333333333334	0.02071704116324679	0.01728037641500746	0.0240246559466617	500
Model2_confounder_standardized_CIF	<6 h	104	8.666666666666666	0.02086931739910622	0.017413681529850802	0.02425638792719481	500
Model2_confounder_standardized_CIF	<6 h	105	8.75	0.02103909914441608	0.01755861447780968	0.02437837406814436	500
Model2_confounder_standardized_CIF	<6 h	106	8.833333333333334	0.021413383502650613	0.017946761975476892	0.024790683418754962	500
Model2_confounder_standardized_CIF	<6 h	107	8.916666666666666	0.021413383502650613	0.017946761975476892	0.024790683418754962	500
Model2_confounder_standardized_CIF	<6 h	108	9.0	0.021705810078388874	0.018129366145116618	0.025051958432643007	500
Model2_confounder_standardized_CIF	<6 h	109	9.083333333333334	0.021727656395357592	0.018168625916589846	0.025074835047057778	500
Model2_confounder_standardized_CIF	<6 h	110	9.166666666666666	0.022064587537690725	0.018454420003984614	0.0254404377979878	500
Model2_confounder_standardized_CIF	<6 h	111	9.25	0.02244476357065263	0.01867270061432182	0.025940041537980133	500
Model2_confounder_standardized_CIF	<6 h	112	9.333333333333334	0.0225128803266441	0.01875268178529599	0.026043677511667387	500
Model2_confounder_standardized_CIF	<6 h	113	9.416666666666666	0.022652091227597346	0.018869035534031155	0.02628328681756712	500
Model2_confounder_standardized_CIF	<6 h	114	9.5	0.022766637705430647	0.018987048401870814	0.0263736515360635	500
Model2_confounder_standardized_CIF	<6 h	115	9.583333333333334	0.023257352863296672	0.019441856409350557	0.026818214936048808	500
Model2_confounder_standardized_CIF	<6 h	116	9.666666666666666	0.023546782009805905	0.019846034942997255	0.02704108491639936	500
Model2_confounder_standardized_CIF	<6 h	117	9.75	0.023664783377225076	0.019961646775179143	0.027176155536827108	500
Model2_confounder_standardized_CIF	<6 h	118	9.833333333333334	0.023727850436158337	0.02005386230522801	0.027213248400362183	500
Model2_confounder_standardized_CIF	<6 h	119	9.916666666666666	0.02380271706360423	0.020188971996551893	0.027370800219714535	500
Model2_confounder_standardized_CIF	<6 h	120	10.0	0.023886515164654967	0.02030117647400446	0.027415754451680034	500
Model2_confounder_standardized_CIF	6-<7 h	0	0.0	0.0	0.0	0.0	500
Model2_confounder_standardized_CIF	6-<7 h	1	0.08333333333333333	4.7166319389136844e-05	6.527754036012322e-06	8.994407475134347e-05	500
Model2_confounder_standardized_CIF	6-<7 h	2	0.16666666666666666	6.745597450090771e-05	2.4857531625301482e-05	0.0001171738188045659	500
Model2_confounder_standardized_CIF	6-<7 h	3	0.25	0.00012534503830916846	7.53148270336339e-05	0.00018481193894518905	500
Model2_confounder_standardized_CIF	6-<7 h	4	0.3333333333333333	0.0002547475796078656	0.0001347955017727268	0.0003847009901704293	500
Model2_confounder_standardized_CIF	6-<7 h	5	0.4166666666666667	0.00034496723483849154	0.0002077228353256795	0.0004999210416350451	500
Model2_confounder_standardized_CIF	6-<7 h	6	0.5	0.00037935171906835287	0.00023778483331398682	0.0005353525844027275	500
Model2_confounder_standardized_CIF	6-<7 h	7	0.5833333333333334	0.0007272357404782412	0.00042962066093886524	0.0010170732320067338	500
Model2_confounder_standardized_CIF	6-<7 h	8	0.6666666666666666	0.00087660031237414	0.0005735662631010583	0.0012039856754100316	500
Model2_confounder_standardized_CIF	6-<7 h	9	0.75	0.0009562384284859787	0.0006623717829124617	0.001279411734559482	500
Model2_confounder_standardized_CIF	6-<7 h	10	0.8333333333333334	0.001127483015958795	0.0008151800376708061	0.001462096443671503	500
Model2_confounder_standardized_CIF	6-<7 h	11	0.9166666666666666	0.0012784504405898272	0.0009550244447215429	0.0016442470054217335	500
Model2_confounder_standardized_CIF	6-<7 h	12	1.0	0.0014369986178907113	0.0011040460839624043	0.00180240541598476	500
Model2_confounder_standardized_CIF	6-<7 h	13	1.0833333333333333	0.0015286609238966515	0.0011889077872323814	0.0019011531218254315	500
Model2_confounder_standardized_CIF	6-<7 h	14	1.1666666666666667	0.0017793275030880097	0.0014071911274260915	0.002182009616564371	500
Model2_confounder_standardized_CIF	6-<7 h	15	1.25	0.0018729438093512706	0.0014946276410031612	0.0023149233317916675	500
Model2_confounder_standardized_CIF	6-<7 h	16	1.3333333333333333	0.002065865105407294	0.0016709617164881762	0.0025598686973539483	500
Model2_confounder_standardized_CIF	6-<7 h	17	1.4166666666666667	0.0021919648812401414	0.0017566662625225452	0.002724371546666377	500
Model2_confounder_standardized_CIF	6-<7 h	18	1.5	0.002255688433097405	0.0018110925436096179	0.002805082043993618	500
Model2_confounder_standardized_CIF	6-<7 h	19	1.5833333333333333	0.002330467074013597	0.0018820994554959545	0.0028974672628792673	500
Model2_confounder_standardized_CIF	6-<7 h	20	1.6666666666666667	0.002412333528533577	0.001964116905507929	0.0029707337390892288	500
Model2_confounder_standardized_CIF	6-<7 h	21	1.75	0.0024989455276905053	0.0020314084605773867	0.003052625645494301	500
Model2_confounder_standardized_CIF	6-<7 h	22	1.8333333333333333	0.0027000125406031333	0.0022091690208607302	0.0032866922066322394	500
Model2_confounder_standardized_CIF	6-<7 h	23	1.9166666666666667	0.002775949928462407	0.0022706639314863234	0.0033765423859622216	500
Model2_confounder_standardized_CIF	6-<7 h	24	2.0	0.00286167490559861	0.0023401180795343895	0.0034663490426112124	500
Model2_confounder_standardized_CIF	6-<7 h	25	2.0833333333333335	0.003080806641797267	0.0025596905784917223	0.0036869818106876045	500
Model2_confounder_standardized_CIF	6-<7 h	26	2.1666666666666665	0.003324776400178511	0.0027623343300059076	0.003955995358879964	500
Model2_confounder_standardized_CIF	6-<7 h	27	2.25	0.0035191941737459068	0.002934020950713111	0.004176408241385823	500
Model2_confounder_standardized_CIF	6-<7 h	28	2.3333333333333335	0.0038963850589092378	0.0032574977099641186	0.004605536308808469	500
Model2_confounder_standardized_CIF	6-<7 h	29	2.4166666666666665	0.0041734442384026155	0.0034468362942267996	0.004931428875193661	500
Model2_confounder_standardized_CIF	6-<7 h	30	2.5	0.004513765527254554	0.0037272410357460923	0.00541267528399843	500
Model2_confounder_standardized_CIF	6-<7 h	31	2.5833333333333335	0.004615881026994121	0.003803201121444741	0.005519762965883742	500
Model2_confounder_standardized_CIF	6-<7 h	32	2.6666666666666665	0.004716731275586793	0.003892256278890111	0.005645078131071006	500
Model2_confounder_standardized_CIF	6-<7 h	33	2.75	0.00486397169627986	0.004030112341195165	0.0058157378679239815	500
Model2_confounder_standardized_CIF	6-<7 h	34	2.8333333333333335	0.005045227919556722	0.004229540324285112	0.0060386294529140095	500
Model2_confounder_standardized_CIF	6-<7 h	35	2.9166666666666665	0.0051501450984299275	0.004297956400408355	0.006150224740148272	500
Model2_confounder_standardized_CIF	6-<7 h	36	3.0	0.0053163238800005225	0.004432615255474511	0.006329776541689226	500
Model2_confounder_standardized_CIF	6-<7 h	37	3.0833333333333335	0.005547092178977836	0.00465341395922332	0.006553921843182235	500
Model2_confounder_standardized_CIF	6-<7 h	38	3.1666666666666665	0.005719722896405342	0.004764790212822383	0.006784441239599008	500
Model2_confounder_standardized_CIF	6-<7 h	39	3.25	0.006089825982839441	0.0051273198516642035	0.007144611824726327	500
Model2_confounder_standardized_CIF	6-<7 h	40	3.3333333333333335	0.006211644004767218	0.00522671898181362	0.007281679703970146	500
Model2_confounder_standardized_CIF	6-<7 h	41	3.4166666666666665	0.006388433837658778	0.005382986060929569	0.007502218121488316	500
Model2_confounder_standardized_CIF	6-<7 h	42	3.5	0.006606081904625575	0.005593299420535248	0.007753237982686066	500
Model2_confounder_standardized_CIF	6-<7 h	43	3.5833333333333335	0.0068091964495426574	0.005799790417039474	0.007955718685325562	500
Model2_confounder_standardized_CIF	6-<7 h	44	3.6666666666666665	0.007273575113153037	0.006149874449965453	0.008496407748868014	500
Model2_confounder_standardized_CIF	6-<7 h	45	3.75	0.0074079346746730905	0.006284911106999637	0.008644596038639799	500
Model2_confounder_standardized_CIF	6-<7 h	46	3.8333333333333335	0.00771876817776047	0.006545210218918986	0.009000446039532508	500
Model2_confounder_standardized_CIF	6-<7 h	47	3.9166666666666665	0.007853709606767819	0.0067054204393292936	0.009134064610118344	500
Model2_confounder_standardized_CIF	6-<7 h	48	4.0	0.007966899518834758	0.006752491771805465	0.009281005684690678	500
Model2_confounder_standardized_CIF	6-<7 h	49	4.083333333333333	0.008131044599848791	0.0069153453357172255	0.00948123508395548	500
Model2_confounder_standardized_CIF	6-<7 h	50	4.166666666666667	0.00823163913262558	0.006996631603838492	0.009590138967930659	500
Model2_confounder_standardized_CIF	6-<7 h	51	4.25	0.008405506655031205	0.007111973277387385	0.00985794090055598	500
Model2_confounder_standardized_CIF	6-<7 h	52	4.333333333333333	0.008629124085822065	0.00730375232838868	0.01008553879348262	500
Model2_confounder_standardized_CIF	6-<7 h	53	4.416666666666667	0.00883507368160049	0.007517584822772533	0.010253073496141308	500
Model2_confounder_standardized_CIF	6-<7 h	54	4.5	0.009041231800016156	0.007782322183925873	0.010397788578982664	500
Model2_confounder_standardized_CIF	6-<7 h	55	4.583333333333333	0.009413966054236396	0.008096545544123684	0.010891508602977492	500
Model2_confounder_standardized_CIF	6-<7 h	56	4.666666666666667	0.009612674111339111	0.008250772688925366	0.01115507374220679	500
Model2_confounder_standardized_CIF	6-<7 h	57	4.75	0.01001808519054542	0.008628003655488532	0.011546452645080668	500
Model2_confounder_standardized_CIF	6-<7 h	58	4.833333333333333	0.01016903570492786	0.008770271108561758	0.011707672515043687	500
Model2_confounder_standardized_CIF	6-<7 h	59	4.916666666666667	0.010426578337058783	0.008890565041831444	0.01208664082680495	500
Model2_confounder_standardized_CIF	6-<7 h	60	5.0	0.010632152017294927	0.009054503689932792	0.012346889494778926	500
Model2_confounder_standardized_CIF	6-<7 h	61	5.083333333333333	0.010981014862669572	0.009388220766085113	0.012764880518607026	500
Model2_confounder_standardized_CIF	6-<7 h	62	5.166666666666667	0.011436924048763836	0.009813798081458356	0.01315681489655153	500
Model2_confounder_standardized_CIF	6-<7 h	63	5.25	0.01161367674870431	0.010013945930083305	0.013344953864312182	500
Model2_confounder_standardized_CIF	6-<7 h	64	5.333333333333333	0.011948619109349015	0.01027301401042747	0.013718219273473498	500
Model2_confounder_standardized_CIF	6-<7 h	65	5.416666666666667	0.012326744794460106	0.010663775499709167	0.014122148997276757	500
Model2_confounder_standardized_CIF	6-<7 h	66	5.5	0.012521549369504212	0.010778101618078566	0.014335058861486146	500
Model2_confounder_standardized_CIF	6-<7 h	67	5.583333333333333	0.012682212208809657	0.010895027773505267	0.01450371452536263	500
Model2_confounder_standardized_CIF	6-<7 h	68	5.666666666666667	0.01304599542137264	0.011240911806594573	0.014887699275005209	500
Model2_confounder_standardized_CIF	6-<7 h	69	5.75	0.013156727142583887	0.011340652966194863	0.015008239301242449	500
Model2_confounder_standardized_CIF	6-<7 h	70	5.833333333333333	0.013479603653597627	0.011623200256894256	0.015411397293364174	500
Model2_confounder_standardized_CIF	6-<7 h	71	5.916666666666667	0.013725000935290261	0.011831258172308196	0.01570939999478627	500
Model2_confounder_standardized_CIF	6-<7 h	72	6.0	0.014023019429513553	0.012137141524117923	0.016018590920985322	500
Model2_confounder_standardized_CIF	6-<7 h	73	6.083333333333333	0.014174596613863322	0.012296987010242854	0.016150914180877097	500
Model2_confounder_standardized_CIF	6-<7 h	74	6.166666666666667	0.014306872157278112	0.012401180617488157	0.016349470301057763	500
Model2_confounder_standardized_CIF	6-<7 h	75	6.25	0.01446214465563645	0.012513840464203754	0.016544172120373225	500
Model2_confounder_standardized_CIF	6-<7 h	76	6.333333333333333	0.014554023937471574	0.012640275526081593	0.016616725499383703	500
Model2_confounder_standardized_CIF	6-<7 h	77	6.416666666666667	0.015126522727932258	0.013126210408459836	0.017244740867794744	500
Model2_confounder_standardized_CIF	6-<7 h	78	6.5	0.01540271191120049	0.013356703399660153	0.017595699465269565	500
Model2_confounder_standardized_CIF	6-<7 h	79	6.583333333333333	0.015821842002484612	0.013773465331666075	0.017983960047562992	500
Model2_confounder_standardized_CIF	6-<7 h	80	6.666666666666667	0.015945843787124683	0.01390271081083189	0.018113887794878655	500
Model2_confounder_standardized_CIF	6-<7 h	81	6.75	0.01630467774570172	0.014271028620706809	0.01846213423518306	500
Model2_confounder_standardized_CIF	6-<7 h	82	6.833333333333333	0.016417363661813747	0.014372135761502534	0.018581575594279233	500
Model2_confounder_standardized_CIF	6-<7 h	83	6.916666666666667	0.016512257007350546	0.014429384411965665	0.018681165464121657	500
Model2_confounder_standardized_CIF	6-<7 h	84	7.0	0.016881426592405623	0.014769407618376139	0.01894096488892224	500
Model2_confounder_standardized_CIF	6-<7 h	85	7.083333333333333	0.01722848830342092	0.015028181145942721	0.019364975090568858	500
Model2_confounder_standardized_CIF	6-<7 h	86	7.166666666666667	0.017389796456353097	0.015190229549835585	0.019563584295465567	500
Model2_confounder_standardized_CIF	6-<7 h	87	7.25	0.017628840208885558	0.015429084489273876	0.01979058266158486	500
Model2_confounder_standardized_CIF	6-<7 h	88	7.333333333333333	0.017758481826554623	0.015583797060847476	0.019930111906008453	500
Model2_confounder_standardized_CIF	6-<7 h	89	7.416666666666667	0.01788262307987339	0.015731949402265983	0.02001495178178884	500
Model2_confounder_standardized_CIF	6-<7 h	90	7.5	0.018217238183670326	0.01603305861426513	0.02039461178329359	500
Model2_confounder_standardized_CIF	6-<7 h	91	7.583333333333333	0.01830868134165821	0.016103414074413645	0.020522897062998674	500
Model2_confounder_standardized_CIF	6-<7 h	92	7.666666666666667	0.018540296755610648	0.01630967798709462	0.020782808708779327	500
Model2_confounder_standardized_CIF	6-<7 h	93	7.75	0.018619433789324763	0.01639261637849785	0.020870218127838198	500
Model2_confounder_standardized_CIF	6-<7 h	94	7.833333333333333	0.01911348260857421	0.016798261662208384	0.021381183212642357	500
Model2_confounder_standardized_CIF	6-<7 h	95	7.916666666666667	0.01931437166297683	0.017012523552676965	0.021558926052110405	500
Model2_confounder_standardized_CIF	6-<7 h	96	8.0	0.01951915380372974	0.01708816091783792	0.0218354992700051	500
Model2_confounder_standardized_CIF	6-<7 h	97	8.083333333333334	0.01973595482412575	0.01731123071679292	0.022034289220128025	500
Model2_confounder_standardized_CIF	6-<7 h	98	8.166666666666666	0.019816919497592452	0.017389242367402934	0.022121552919863303	500
Model2_confounder_standardized_CIF	6-<7 h	99	8.25	0.020116822793857604	0.017709570031444626	0.02239983204971055	500
Model2_confounder_standardized_CIF	6-<7 h	100	8.333333333333334	0.020299614671381878	0.01792789656288414	0.02259158278593088	500
Model2_confounder_standardized_CIF	6-<7 h	101	8.416666666666666	0.020426642477009777	0.017954308254647486	0.022819927055882875	500
Model2_confounder_standardized_CIF	6-<7 h	102	8.5	0.020607210905174526	0.018037459189598225	0.02298319141081248	500
Model2_confounder_standardized_CIF	6-<7 h	103	8.583333333333334	0.020917829706539978	0.01832410385562981	0.023311392052962475	500
Model2_confounder_standardized_CIF	6-<7 h	104	8.666666666666666	0.02107906159704321	0.01854126992737206	0.02354642679061038	500
Model2_confounder_standardized_CIF	6-<7 h	105	8.75	0.021259016404734685	0.018666091399956054	0.023767234792472978	500
Model2_confounder_standardized_CIF	6-<7 h	106	8.833333333333334	0.021656063661723898	0.019056643418088007	0.024152444360414388	500
Model2_confounder_standardized_CIF	6-<7 h	107	8.916666666666666	0.021656063661723898	0.019056643418088007	0.024152444360414388	500
Model2_confounder_standardized_CIF	6-<7 h	108	9.0	0.021966843667499347	0.01940209611522166	0.024595963531239974	500
Model2_confounder_standardized_CIF	6-<7 h	109	9.083333333333334	0.021990083427908164	0.019421176997389007	0.02461466386573283	500
Model2_confounder_standardized_CIF	6-<7 h	110	9.166666666666666	0.02234873484168175	0.019695776385786498	0.025042405389522814	500
Model2_confounder_standardized_CIF	6-<7 h	111	9.25	0.022753720754514203	0.02004965002767478	0.025582727439799495	500
Model2_confounder_standardized_CIF	6-<7 h	112	9.333333333333334	0.022826353439204007	0.020072535964386455	0.025646404135852188	500
Model2_confounder_standardized_CIF	6-<7 h	113	9.416666666666666	0.02297493997509084	0.02012952735392985	0.025848487996053472	500
Model2_confounder_standardized_CIF	6-<7 h	114	9.5	0.02309729063782422	0.020232093988638265	0.025921708197614683	500
Model2_confounder_standardized_CIF	6-<7 h	115	9.583333333333334	0.02362161851721637	0.02072944377049985	0.026474548611688384	500
Model2_confounder_standardized_CIF	6-<7 h	116	9.666666666666666	0.02393115973390284	0.021175725261576697	0.026798543307049033	500
Model2_confounder_standardized_CIF	6-<7 h	117	9.75	0.024057408748324786	0.021200029181380812	0.026991266985621175	500
Model2_confounder_standardized_CIF	6-<7 h	118	9.833333333333334	0.024124959533547766	0.02130535486481618	0.027034545637004682	500
Model2_confounder_standardized_CIF	6-<7 h	119	9.916666666666666	0.02420517512838688	0.021346486990512715	0.027133817865868808	500
Model2_confounder_standardized_CIF	6-<7 h	120	10.0	0.024294998675107704	0.021429060877942645	0.027227771711149706	500
Model2_confounder_standardized_CIF	7-<8 h	0	0.0	0.0	0.0	0.0	500
Model2_confounder_standardized_CIF	7-<8 h	1	0.08333333333333333	3.483754191318944e-05	4.79550882916425e-06	6.487327680744707e-05	500
Model2_confounder_standardized_CIF	7-<8 h	2	0.16666666666666666	4.982521431294171e-05	1.7125648974476724e-05	8.208296361773898e-05	500
Model2_confounder_standardized_CIF	7-<8 h	3	0.25	9.259642189503066e-05	5.555027748224625e-05	0.00013379306319499603	500
Model2_confounder_standardized_CIF	7-<8 h	4	0.3333333333333333	0.0001882408866121544	0.00010051221229351998	0.0002864420990892263	500
Model2_confounder_standardized_CIF	7-<8 h	5	0.4166666666666667	0.00025496428017810044	0.0001513132408572627	0.00036655070181794566	500
Model2_confounder_standardized_CIF	7-<8 h	6	0.5	0.0002804018255419615	0.0001781200609073522	0.0004009450074761565	500
Model2_confounder_standardized_CIF	7-<8 h	7	0.5833333333333334	0.0005378464816405625	0.0002970056862239674	0.0007848897490018967	500
Model2_confounder_standardized_CIF	7-<8 h	8	0.6666666666666666	0.0006484772819384628	0.00040692275576407805	0.0009262839084404036	500
Model2_confounder_standardized_CIF	7-<8 h	9	0.75	0.0007075041541698826	0.0004730469077093824	0.000990066251477945	500
Model2_confounder_standardized_CIF	7-<8 h	10	0.8333333333333334	0.0008345003505305741	0.0005622178810647173	0.001140933523258226	500
Model2_confounder_standardized_CIF	7-<8 h	11	0.9166666666666666	0.0009465201829961189	0.0006605365843502836	0.0012704885824556785	500
Model2_confounder_standardized_CIF	7-<8 h	12	1.0	0.00106423375757981	0.0007668597093829195	0.0014087638932638248	500
Model2_confounder_standardized_CIF	7-<8 h	13	1.0833333333333333	0.0011323282015296909	0.0008271194264426944	0.0014802757507610326	500
Model2_confounder_standardized_CIF	7-<8 h	14	1.1666666666666667	0.001318630899210066	0.000990565100134716	0.0016815333859621351	500
Model2_confounder_standardized_CIF	7-<8 h	15	1.25	0.00138826126766228	0.0010355604311732267	0.001748903675160011	500
Model2_confounder_standardized_CIF	7-<8 h	16	1.3333333333333333	0.0015318380871907611	0.001166041287343607	0.0019439903475000177	500
Model2_confounder_standardized_CIF	7-<8 h	17	1.4166666666666667	0.0016257405530692443	0.0012376952654165846	0.0020568652434120585	500
Model2_confounder_standardized_CIF	7-<8 h	18	1.5	0.0016732180345273755	0.0012843535013546462	0.0021055181973779987	500
Model2_confounder_standardized_CIF	7-<8 h	19	1.5833333333333333	0.0017289477529504455	0.001342880754645551	0.0021670718324052055	500
Model2_confounder_standardized_CIF	7-<8 h	20	1.6666666666666667	0.001789995847313545	0.0013752122472399098	0.002250125761031296	500
Model2_confounder_standardized_CIF	7-<8 h	21	1.75	0.0018546147339176138	0.0014286288669277422	0.00230734943051811	500
Model2_confounder_standardized_CIF	7-<8 h	22	1.8333333333333333	0.002004705492324541	0.0015393538458482701	0.0024994880409365864	500
Model2_confounder_standardized_CIF	7-<8 h	23	1.9166666666666667	0.0020614279340567814	0.0015884478924112662	0.002543749704868927	500
Model2_confounder_standardized_CIF	7-<8 h	24	2.0	0.002125492568965848	0.0016307727240494844	0.0026231509298167833	500
Model2_confounder_standardized_CIF	7-<8 h	25	2.0833333333333335	0.0022893518630249005	0.001796456995435485	0.00280757783125069	500
Model2_confounder_standardized_CIF	7-<8 h	26	2.1666666666666665	0.0024719220162897314	0.0019501614592235977	0.0030179212970568585	500
Model2_confounder_standardized_CIF	7-<8 h	27	2.25	0.002617518140173196	0.002080420813668904	0.0031846808855438753	500
Model2_confounder_standardized_CIF	7-<8 h	28	2.3333333333333335	0.0029001675489513266	0.002273031455620314	0.003601871082582235	500
Model2_confounder_standardized_CIF	7-<8 h	29	2.4166666666666665	0.0031080131409305855	0.0024664003186309516	0.0038264332662097398	500
Model2_confounder_standardized_CIF	7-<8 h	30	2.5	0.003363507796340616	0.002632700438227064	0.004114639741328215	500
Model2_confounder_standardized_CIF	7-<8 h	31	2.5833333333333335	0.003440253693994856	0.00271411296079656	0.004220931071507661	500
Model2_confounder_standardized_CIF	7-<8 h	32	2.6666666666666665	0.0035160763238397505	0.0027813884656037106	0.004264484232702552	500
Model2_confounder_standardized_CIF	7-<8 h	33	2.75	0.0036268459182500247	0.0028691699278585218	0.004432244539024801	500
Model2_confounder_standardized_CIF	7-<8 h	34	2.8333333333333335	0.003763270643400016	0.0029965652246751353	0.004571436976153565	500
Model2_confounder_standardized_CIF	7-<8 h	35	2.9166666666666665	0.0038423157991357916	0.0030750156884408082	0.004648912589962965	500
Model2_confounder_standardized_CIF	7-<8 h	36	3.0	0.003967583724066084	0.0031644622065250703	0.004810002700639389	500
Model2_confounder_standardized_CIF	7-<8 h	37	3.0833333333333335	0.004141667368860865	0.0032919031336600094	0.005037215948308058	500
Model2_confounder_standardized_CIF	7-<8 h	38	3.1666666666666665	0.004271984698989175	0.003401064959919234	0.005190486919137551	500
Model2_confounder_standardized_CIF	7-<8 h	39	3.25	0.004551530873493154	0.00369139152534082	0.005475577212452364	500
Model2_confounder_standardized_CIF	7-<8 h	40	3.3333333333333335	0.0046436317021655285	0.0037443209416022217	0.005581568772648458	500
Model2_confounder_standardized_CIF	7-<8 h	41	3.4166666666666665	0.004777359343397828	0.003850089448130693	0.005728175528167179	500
Model2_confounder_standardized_CIF	7-<8 h	42	3.5	0.004942093334470074	0.004017041036256997	0.005910659503584538	500
Model2_confounder_standardized_CIF	7-<8 h	43	3.5833333333333335	0.005095952434799471	0.004167713501194178	0.006080504706134279	500
Model2_confounder_standardized_CIF	7-<8 h	44	3.6666666666666665	0.0054479837008954415	0.004470333879399528	0.006454583474829362	500
Model2_confounder_standardized_CIF	7-<8 h	45	3.75	0.005549955759252514	0.004566547911941757	0.006555514892476382	500
Model2_confounder_standardized_CIF	7-<8 h	46	3.8333333333333335	0.005785973004484557	0.004742573263119644	0.006869208542717773	500
Model2_confounder_standardized_CIF	7-<8 h	47	3.9166666666666665	0.005888520311419954	0.004846871191085829	0.006986718051332874	500
Model2_confounder_standardized_CIF	7-<8 h	48	4.0	0.005974585944468994	0.0049331564417944345	0.007078477157329617	500
Model2_confounder_standardized_CIF	7-<8 h	49	4.083333333333333	0.00609945364671139	0.0050097254965204415	0.007228284120410796	500
Model2_confounder_standardized_CIF	7-<8 h	50	4.166666666666667	0.006176025430136824	0.005094146248489919	0.007313478235916262	500
Model2_confounder_standardized_CIF	7-<8 h	51	4.25	0.006308435800965834	0.00517908750108593	0.007453593705997997	500
Model2_confounder_standardized_CIF	7-<8 h	52	4.333333333333333	0.006478842438177765	0.0053321174698481395	0.007655077206526709	500
Model2_confounder_standardized_CIF	7-<8 h	53	4.416666666666667	0.006635915803243463	0.005493566780558512	0.0078134709017898	500
Model2_confounder_standardized_CIF	7-<8 h	54	4.5	0.006793251408519584	0.005624136073164833	0.007973314729885404	500
Model2_confounder_standardized_CIF	7-<8 h	55	4.583333333333333	0.007077881564324807	0.005913869356615906	0.008242248945198207	500
Model2_confounder_standardized_CIF	7-<8 h	56	4.666666666666667	0.007229773267803812	0.006030802888833953	0.008438346982048673	500
Model2_confounder_standardized_CIF	7-<8 h	57	4.75	0.007539910790646719	0.006276851697182962	0.008878102220983243	500
Model2_confounder_standardized_CIF	7-<8 h	58	4.833333333333333	0.007655503177557225	0.0063899560054535755	0.009009326375701085	500
Model2_confounder_standardized_CIF	7-<8 h	59	4.916666666666667	0.007852813980313985	0.006509200962479132	0.009200772160710594	500
Model2_confounder_standardized_CIF	7-<8 h	60	5.0	0.008010433705067526	0.006625985800368183	0.00943541807332621	500
Model2_confounder_standardized_CIF	7-<8 h	61	5.083333333333333	0.008278125571049177	0.0068499652742131665	0.009669728735430835	500
Model2_confounder_standardized_CIF	7-<8 h	62	5.166666666666667	0.008628242253573075	0.0071865670261153924	0.010041249911679135	500
Model2_confounder_standardized_CIF	7-<8 h	63	5.25	0.00876414138674326	0.007301249758673613	0.010239276729820805	500
Model2_confounder_standardized_CIF	7-<8 h	64	5.333333333333333	0.009021834090224156	0.0075639420294666875	0.010500596487798074	500
Model2_confounder_standardized_CIF	7-<8 h	65	5.416666666666667	0.009313026657206458	0.007837908465393565	0.010839284020686245	500
Model2_confounder_standardized_CIF	7-<8 h	66	5.5	0.009463190196389786	0.00798009851546984	0.01097950395870951	500
Model2_confounder_standardized_CIF	7-<8 h	67	5.583333333333333	0.009587143404430105	0.00810283664155053	0.01112166630199891	500
Model2_confounder_standardized_CIF	7-<8 h	68	5.666666666666667	0.009867943076900943	0.008323918480582608	0.011438158214848893	500
Model2_confounder_standardized_CIF	7-<8 h	69	5.75	0.009953486669986281	0.008402945986639203	0.011560716604038495	500
Model2_confounder_standardized_CIF	7-<8 h	70	5.833333333333333	0.01020308796726905	0.008677461803069025	0.011795996228148115	500
Model2_confounder_standardized_CIF	7-<8 h	71	5.916666666666667	0.01039295706756723	0.008847326859873961	0.012034501571101513	500
Model2_confounder_standardized_CIF	7-<8 h	72	6.0	0.010623716043475074	0.009051476786231208	0.012257040560800231	500
Model2_confounder_standardized_CIF	7-<8 h	73	6.083333333333333	0.01074120444961617	0.00912767378354752	0.012406244217359655	500
Model2_confounder_standardized_CIF	7-<8 h	74	6.166666666666667	0.010843796162960242	0.009208789922965126	0.012518967368173891	500
Model2_confounder_standardized_CIF	7-<8 h	75	6.25	0.010964308409928385	0.009315867165887995	0.012689209826535224	500
Model2_confounder_standardized_CIF	7-<8 h	76	6.333333333333333	0.011035665935962183	0.00933649110177189	0.012775376623335666	500
Model2_confounder_standardized_CIF	7-<8 h	77	6.416666666666667	0.011480538529921248	0.00975723366116364	0.013271405227692205	500
Model2_confounder_standardized_CIF	7-<8 h	78	6.5	0.011695489206186972	0.00993342586552073	0.01353173328444703	500
Model2_confounder_standardized_CIF	7-<8 h	79	6.583333333333333	0.012021951755625973	0.010199430608014901	0.013931188083109442	500
Model2_confounder_standardized_CIF	7-<8 h	80	6.666666666666667	0.012118643230734959	0.010278466003674724	0.014036608545232185	500
Model2_confounder_standardized_CIF	7-<8 h	81	6.75	0.012398585103440449	0.01053734113637581	0.014329026891130798	500
Model2_confounder_standardized_CIF	7-<8 h	82	6.833333333333333	0.012486578601378437	0.010625480916480662	0.01441811578977973	500
Model2_confounder_standardized_CIF	7-<8 h	83	6.916666666666667	0.012560713924081653	0.010713063986755695	0.014505471473559373	500
Model2_confounder_standardized_CIF	7-<8 h	84	7.0	0.012849259897894833	0.010907712698788522	0.014904138475097316	500
Model2_confounder_standardized_CIF	7-<8 h	85	7.083333333333333	0.01312078956833161	0.011101931110148028	0.015284297399776057	500
Model2_confounder_standardized_CIF	7-<8 h	86	7.166666666666667	0.013247090075839017	0.011207332162683254	0.015453753658571757	500
Model2_confounder_standardized_CIF	7-<8 h	87	7.25	0.013434360209873535	0.01136891646206883	0.01564636958936412	500
Model2_confounder_standardized_CIF	7-<8 h	88	7.333333333333333	0.013535984592443246	0.011451069388288623	0.015756164629744863	500
Model2_confounder_standardized_CIF	7-<8 h	89	7.416666666666667	0.013633350340435625	0.01153584449952648	0.01588097710690458	500
Model2_confounder_standardized_CIF	7-<8 h	90	7.5	0.013895972344740048	0.011806029101230454	0.016158942216278956	500
Model2_confounder_standardized_CIF	7-<8 h	91	7.583333333333333	0.013967809336056326	0.011884870255331264	0.01622602378691003	500
Model2_confounder_standardized_CIF	7-<8 h	92	7.666666666666667	0.014149848449230258	0.012058376987623728	0.016474229466996972	500
Model2_confounder_standardized_CIF	7-<8 h	93	7.75	0.01421209775523396	0.012129403864839343	0.016548767616401148	500
Model2_confounder_standardized_CIF	7-<8 h	94	7.833333333333333	0.014600945739996948	0.012429710165278827	0.01699745458587445	500
Model2_confounder_standardized_CIF	7-<8 h	95	7.916666666666667	0.014759217516530008	0.012513765675633268	0.01725443469863122	500
Model2_confounder_standardized_CIF	7-<8 h	96	8.0	0.014920670073395575	0.012622908705006425	0.017399376946192823	500
Model2_confounder_standardized_CIF	7-<8 h	97	8.083333333333334	0.015091704566041298	0.012731797144794974	0.017615876945272925	500
Model2_confounder_standardized_CIF	7-<8 h	98	8.166666666666666	0.015155621984760672	0.012801755949199342	0.017684815231138545	500
Model2_confounder_standardized_CIF	7-<8 h	99	8.25	0.015392466493925736	0.013055030200235134	0.017959953598128575	500
Model2_confounder_standardized_CIF	7-<8 h	100	8.333333333333334	0.015536933197126138	0.0132003849309647	0.01811027077704728	500
Model2_confounder_standardized_CIF	7-<8 h	101	8.416666666666666	0.01563738912754066	0.013320939186472425	0.018208826635950963	500
Model2_confounder_standardized_CIF	7-<8 h	102	8.5	0.015780242302678958	0.013398770594921589	0.01842008395718973	500
Model2_confounder_standardized_CIF	7-<8 h	103	8.583333333333334	0.016026113169998808	0.013613357388797143	0.018733484486207264	500
Model2_confounder_standardized_CIF	7-<8 h	104	8.666666666666666	0.016153819516020983	0.013716912210407523	0.018859650725990544	500
Model2_confounder_standardized_CIF	7-<8 h	105	8.75	0.01629643728497248	0.013831069917417472	0.019059445134443808	500
Model2_confounder_standardized_CIF	7-<8 h	106	8.833333333333334	0.016611278200697195	0.014054734097519549	0.019458202483085777	500
Model2_confounder_standardized_CIF	7-<8 h	107	8.916666666666666	0.016611278200697195	0.014054734097519549	0.019458202483085777	500
Model2_confounder_standardized_CIF	7-<8 h	108	9.0	0.016858008043745435	0.014343307703501723	0.019721791601695373	500
Model2_confounder_standardized_CIF	7-<8 h	109	9.083333333333334	0.016876473056501078	0.014366951187100359	0.01973203844666598	500
Model2_confounder_standardized_CIF	7-<8 h	110	9.166666666666666	0.017161498598850376	0.014588046271955576	0.020040762124022598	500
Model2_confounder_standardized_CIF	7-<8 h	111	9.25	0.01748361291511623	0.014824119956031528	0.020462443486306447	500
Model2_confounder_standardized_CIF	7-<8 h	112	9.333333333333334	0.017541438607898818	0.014877085956527121	0.02052869641138941	500
Model2_confounder_standardized_CIF	7-<8 h	113	9.416666666666666	0.017659780179800147	0.015000119305324734	0.020665853239961174	500
Model2_confounder_standardized_CIF	7-<8 h	114	9.5	0.017757270379829316	0.015054032911404763	0.020774701991881025	500
Model2_confounder_standardized_CIF	7-<8 h	115	9.583333333333334	0.018175186636847036	0.015383186923422143	0.021213173705392697	500
Model2_confounder_standardized_CIF	7-<8 h	116	9.666666666666666	0.018422190246652762	0.01553438623834214	0.021600376859253718	500
Model2_confounder_standardized_CIF	7-<8 h	117	9.75	0.018522996396965186	0.015652642244383792	0.02169912891845543	500
Model2_confounder_standardized_CIF	7-<8 h	118	9.833333333333334	0.018576961125600384	0.015686486347988086	0.021760672893863502	500
Model2_confounder_standardized_CIF	7-<8 h	119	9.916666666666666	0.01864105636923264	0.015716573673864427	0.021822154396234528	500
Model2_confounder_standardized_CIF	7-<8 h	120	10.0	0.018712846541184	0.015774481633302008	0.021881149380926276	500
Model2_confounder_standardized_CIF	8-<9 h	0	0.0	0.0	0.0	0.0	500
Model2_confounder_standardized_CIF	8-<9 h	1	0.08333333333333333	4.262206445192499e-05	5.636398672263948e-06	8.081463084353525e-05	500
Model2_confounder_standardized_CIF	8-<9 h	2	0.16666666666666666	6.095742262033278e-05	2.1830882053768878e-05	0.00010152086846119013	500
Model2_confounder_standardized_CIF	8-<9 h	3	0.25	0.00011326689678487377	6.78352906736799e-05	0.00016590023816944155	500
Model2_confounder_standardized_CIF	8-<9 h	4	0.3333333333333333	0.00023018736530762906	0.0001248306936171596	0.00034119559919106225	500
Model2_confounder_standardized_CIF	8-<9 h	5	0.4166666666666667	0.00031169841178301124	0.0001958059074220765	0.0004351287972651399	500
Model2_confounder_standardized_CIF	8-<9 h	6	0.5	0.0003427637987183998	0.00021826870373248692	0.00046086101551549857	500
Model2_confounder_standardized_CIF	8-<9 h	7	0.5833333333333334	0.0006570374347358307	0.00041200997738869186	0.0009306267959887706	500
Model2_confounder_standardized_CIF	8-<9 h	8	0.6666666666666666	0.0007919911780716375	0.0005344147728977703	0.0010832386093335101	500
Model2_confounder_standardized_CIF	8-<9 h	9	0.75	0.0008639393359201099	0.0005989938940085973	0.001140616770377591	500
Model2_confounder_standardized_CIF	8-<9 h	10	0.8333333333333334	0.0010186264505270101	0.0007250596555287194	0.0013259971247787312	500
Model2_confounder_standardized_CIF	8-<9 h	11	0.9166666666666666	0.0011549990881891982	0.0008771510144598574	0.001462544484791956	500
Model2_confounder_standardized_CIF	8-<9 h	12	1.0	0.0012982145070102144	0.0009957583433403154	0.0016239988685894425	500
Model2_confounder_standardized_CIF	8-<9 h	13	1.0833333333333333	0.0013810102615216052	0.0010680794404953815	0.0017210029096975626	500
Model2_confounder_standardized_CIF	8-<9 h	14	1.1666666666666667	0.00160741262448454	0.001247794364185318	0.001963188761850494	500
Model2_confounder_standardized_CIF	8-<9 h	15	1.25	0.001691970961331602	0.0013105854317007524	0.002068242638449007	500
Model2_confounder_standardized_CIF	8-<9 h	16	1.3333333333333333	0.0018662023278081627	0.0014635584607604545	0.00228446006153842	500
Model2_confounder_standardized_CIF	8-<9 h	17	1.4166666666666667	0.0019800886836166573	0.0015574244150384957	0.002421252505028227	500
Model2_confounder_standardized_CIF	8-<9 h	18	1.5	0.002037637586354634	0.001631481057094269	0.00248166117714762	500
Model2_confounder_standardized_CIF	8-<9 h	19	1.5833333333333333	0.0021051681675225875	0.001700718156327345	0.0025419844791797425	500
Model2_confounder_standardized_CIF	8-<9 h	20	1.6666666666666667	0.0021790871441029723	0.0017729516490672867	0.002637999016621838	500
Model2_confounder_standardized_CIF	8-<9 h	21	1.75	0.0022572824347014235	0.0018396341741350642	0.002700864024554755	500
Model2_confounder_standardized_CIF	8-<9 h	22	1.8333333333333333	0.002438788496145357	0.002006583387714314	0.0028906772651593727	500
Model2_confounder_standardized_CIF	8-<9 h	23	1.9166666666666667	0.002507338732881869	0.0020728658995376585	0.002969590418342917	500
Model2_confounder_standardized_CIF	8-<9 h	24	2.0	0.002584715445900751	0.0021425116801811295	0.003067546052540711	500
Model2_confounder_standardized_CIF	8-<9 h	25	2.0833333333333335	0.0027824776517347866	0.0023382639269342734	0.0032602032381573985	500
Model2_confounder_standardized_CIF	8-<9 h	26	2.1666666666666665	0.0030026530751624393	0.0025429712311164153	0.0034850920147858995	500
Model2_confounder_standardized_CIF	8-<9 h	27	2.25	0.0031781159442451925	0.002692684268342218	0.0036955962716484245	500
Model2_confounder_standardized_CIF	8-<9 h	28	2.3333333333333335	0.003518535283788418	0.002936693036094626	0.004164627389120522	500
Model2_confounder_standardized_CIF	8-<9 h	29	2.4166666666666665	0.0037686021729333133	0.0031065900332996103	0.004443417848911127	500
Model2_confounder_standardized_CIF	8-<9 h	30	2.5	0.004075794051828639	0.003412220644362487	0.004749969473012076	500
Model2_confounder_standardized_CIF	8-<9 h	31	2.5833333333333335	0.0041679704307655	0.0035096708156995273	0.004858896054368907	500
Model2_confounder_standardized_CIF	8-<9 h	32	2.6666666666666665	0.0042590033203333206	0.0035803320277409917	0.004967778207966985	500
Model2_confounder_standardized_CIF	8-<9 h	33	2.75	0.004391890208627963	0.0037310110051772347	0.005099778066625834	500
Model2_confounder_standardized_CIF	8-<9 h	34	2.8333333333333335	0.004555477464230658	0.003867432823527029	0.005289229312060906	500
Model2_confounder_standardized_CIF	8-<9 h	35	2.9166666666666665	0.004650147802153467	0.003956340904392194	0.005358938706671891	500
Model2_confounder_standardized_CIF	8-<9 h	36	3.0	0.004800080940643055	0.004061856704096155	0.005554303322812295	500
Model2_confounder_standardized_CIF	8-<9 h	37	3.0833333333333335	0.005008268746483327	0.004286072957002151	0.005775265614779713	500
Model2_confounder_standardized_CIF	8-<9 h	38	3.1666666666666665	0.005164012238428015	0.004402425121265138	0.005993113111903792	500
Model2_confounder_standardized_CIF	8-<9 h	39	3.25	0.005497909557455377	0.004758050644127597	0.006415945072692153	500
Model2_confounder_standardized_CIF	8-<9 h	40	3.3333333333333335	0.005607823896478688	0.0048220797088193434	0.006539424492710164	500
Model2_confounder_standardized_CIF	8-<9 h	41	3.4166666666666665	0.005767330329442186	0.004977348840038905	0.006701298606720947	500
Model2_confounder_standardized_CIF	8-<9 h	42	3.5	0.005963696490598642	0.005131316109950975	0.006904026397351436	500
Model2_confounder_standardized_CIF	8-<9 h	43	3.5833333333333335	0.0061469389180109964	0.005329472889125175	0.007111901847398233	500
Model2_confounder_standardized_CIF	8-<9 h	44	3.6666666666666665	0.006565861350797173	0.00569198571796639	0.007580646292792882	500
Model2_confounder_standardized_CIF	8-<9 h	45	3.75	0.006687090299994539	0.00579803134792421	0.007689026002495576	500
Model2_confounder_standardized_CIF	8-<9 h	46	3.8333333333333335	0.006967540682392354	0.0060401231057689644	0.008048322857317308	500
Model2_confounder_standardized_CIF	8-<9 h	47	3.9166666666666665	0.0070893020626832766	0.006159378850393638	0.008176957582147603	500
Model2_confounder_standardized_CIF	8-<9 h	48	4.0	0.00719142895641877	0.0062573963625844	0.008313735015885256	500
Model2_confounder_standardized_CIF	8-<9 h	49	4.083333333333333	0.007339522274315466	0.006396874000031238	0.008494401527156659	500
Model2_confounder_standardized_CIF	8-<9 h	50	4.166666666666667	0.007430274182614244	0.006464658074881011	0.008587400558768651	500
Model2_confounder_standardized_CIF	8-<9 h	51	4.25	0.007587115325094362	0.006591057981531052	0.008780242142266447	500
Model2_confounder_standardized_CIF	8-<9 h	52	4.333333333333333	0.007788824216569514	0.006749888195397086	0.009018385985956986	500
Model2_confounder_standardized_CIF	8-<9 h	53	4.416666666666667	0.00797458281437741	0.0069363708410452194	0.009143642793620385	500
Model2_confounder_standardized_CIF	8-<9 h	54	4.5	0.008160528385729324	0.007099341565824622	0.009289624653478941	500
Model2_confounder_standardized_CIF	8-<9 h	55	4.583333333333333	0.008496729332015621	0.007397837434501258	0.009697460742765696	500
Model2_confounder_standardized_CIF	8-<9 h	56	4.666666666666667	0.008675976919475414	0.007571554608513285	0.00987851050728241	500
Model2_confounder_standardized_CIF	8-<9 h	57	4.75	0.009041648831988758	0.007931215247390488	0.010290344367215994	500
Model2_confounder_standardized_CIF	8-<9 h	58	4.833333333333333	0.00917782253278554	0.008058909310948303	0.01042448391856259	500
Model2_confounder_standardized_CIF	8-<9 h	59	4.916666666666667	0.009410152239083657	0.00819540383641702	0.01074673054169586	500
Model2_confounder_standardized_CIF	8-<9 h	60	5.0	0.009595601133286637	0.008333379013553199	0.01092554101424713	500
Model2_confounder_standardized_CIF	8-<9 h	61	5.083333333333333	0.009910284236911347	0.008655303438608122	0.01127359202951803	500
Model2_confounder_standardized_CIF	8-<9 h	62	5.166666666666667	0.010321586758944967	0.009025066661075195	0.01172590727079187	500
Model2_confounder_standardized_CIF	8-<9 h	63	5.25	0.010481064147355963	0.00916706880070434	0.011938827318360937	500
Model2_confounder_standardized_CIF	8-<9 h	64	5.333333333333333	0.010783249164795441	0.00944099586131891	0.012209560926104526	500
Model2_confounder_standardized_CIF	8-<9 h	65	5.416666666666667	0.011124406190184802	0.009746808862056231	0.01265230592189956	500
Model2_confounder_standardized_CIF	8-<9 h	66	5.5	0.011300182466664576	0.009880448129569699	0.012833634095577926	500
Model2_confounder_standardized_CIF	8-<9 h	67	5.583333333333333	0.011445125994638324	0.00999283470012285	0.013006615143907304	500
Model2_confounder_standardized_CIF	8-<9 h	68	5.666666666666667	0.011773314653169263	0.01032856647954269	0.013282698499271472	500
Model2_confounder_standardized_CIF	8-<9 h	69	5.75	0.011873227154429823	0.010408270938351416	0.013373813128463986	500
Model2_confounder_standardized_CIF	8-<9 h	70	5.833333333333333	0.012164491598132265	0.01070445771508212	0.013734770925946707	500
Model2_confounder_standardized_CIF	8-<9 h	71	5.916666666666667	0.012385875085111466	0.010911416135563621	0.013964986140176784	500
Model2_confounder_standardized_CIF	8-<9 h	72	6.0	0.012654723094011841	0.011130756995351003	0.01427118347178868	500
Model2_confounder_standardized_CIF	8-<9 h	73	6.083333333333333	0.01279144978542572	0.011247509735824933	0.014365955801382738	500
Model2_confounder_standardized_CIF	8-<9 h	74	6.166666666666667	0.012910751623739442	0.011375664459562704	0.014493359445000714	500
Model2_confounder_standardized_CIF	8-<9 h	75	6.25	0.013050766049288585	0.011514258895008922	0.014652138107725695	500
Model2_confounder_standardized_CIF	8-<9 h	76	6.333333333333333	0.013133605458987313	0.011561128192582917	0.014752324557112366	500
Model2_confounder_standardized_CIF	8-<9 h	77	6.416666666666667	0.01364968069444527	0.012032983203585677	0.015380051265099818	500
Model2_confounder_standardized_CIF	8-<9 h	78	6.5	0.013898666321265445	0.012227347240133548	0.01567405364678038	500
Model2_confounder_standardized_CIF	8-<9 h	79	6.583333333333333	0.014276508536255138	0.012650990352015667	0.016100414650315125	500
Model2_confounder_standardized_CIF	8-<9 h	80	6.666666666666667	0.01438830245612583	0.012702864279254341	0.01625986406354833	500
Model2_confounder_standardized_CIF	8-<9 h	81	6.75	0.014711778340280403	0.01304105507768474	0.0166338872863583	500
Model2_confounder_standardized_CIF	8-<9 h	82	6.833333333333333	0.014813366016221734	0.013147176163875594	0.016763413662230837	500
Model2_confounder_standardized_CIF	8-<9 h	83	6.916666666666667	0.01489890382884931	0.013181504690212188	0.01684320024210775	500
Model2_confounder_standardized_CIF	8-<9 h	84	7.0	0.015231632331581806	0.013550315727339994	0.017273854341145888	500
Model2_confounder_standardized_CIF	8-<9 h	85	7.083333333333333	0.01554444894717412	0.013776403239263798	0.0175276039802002	500
Model2_confounder_standardized_CIF	8-<9 h	86	7.166666666666667	0.015689859887864387	0.013915810823601991	0.0177033381234394	500
Model2_confounder_standardized_CIF	8-<9 h	87	7.25	0.015905328377832074	0.014159497883489724	0.017853010728518255	500
Model2_confounder_standardized_CIF	8-<9 h	88	7.333333333333333	0.01602218905959395	0.014232868907389562	0.017991594605130994	500
Model2_confounder_standardized_CIF	8-<9 h	89	7.416666666666667	0.016134076450673503	0.014356113434660804	0.018113813046371056	500
Model2_confounder_standardized_CIF	8-<9 h	90	7.5	0.016435587720626043	0.01466804516160781	0.018440871262306688	500
Model2_confounder_standardized_CIF	8-<9 h	91	7.583333333333333	0.01651798238620866	0.014743140509667801	0.018508581211956133	500
Model2_confounder_standardized_CIF	8-<9 h	92	7.666666666666667	0.016726646434438767	0.014914629121662778	0.018785050121629725	500
Model2_confounder_standardized_CIF	8-<9 h	93	7.75	0.016797931361024677	0.01498244578099125	0.018877951582666544	500
Model2_confounder_standardized_CIF	8-<9 h	94	7.833333333333333	0.01724283626691786	0.015409249974659612	0.01931628851261307	500
Model2_confounder_standardized_CIF	8-<9 h	95	7.916666666666667	0.01742378702283072	0.01554275791479855	0.019570859071858352	500
Model2_confounder_standardized_CIF	8-<9 h	96	8.0	0.017608221318692264	0.015687233294770203	0.019772667828333892	500
Model2_confounder_standardized_CIF	8-<9 h	97	8.083333333333334	0.01780346931808312	0.015892823594170002	0.019968252736087395	500
Model2_confounder_standardized_CIF	8-<9 h	98	8.166666666666666	0.017876378422220687	0.015962438884429733	0.020061961182475337	500
Model2_confounder_standardized_CIF	8-<9 h	99	8.25	0.018146411543390324	0.016203371952499494	0.020378656757767448	500
Model2_confounder_standardized_CIF	8-<9 h	100	8.333333333333334	0.0183110021498683	0.016375231278420353	0.02054345556481129	500
Model2_confounder_standardized_CIF	8-<9 h	101	8.416666666666666	0.018425369527782808	0.016506551018727902	0.02064451759503212	500
Model2_confounder_standardized_CIF	8-<9 h	102	8.5	0.018587933526786053	0.01665065139527054	0.02079208257070144	500
Model2_confounder_standardized_CIF	8-<9 h	103	8.583333333333334	0.018867567359441076	0.016874368760131778	0.02110244100402641	500
Model2_confounder_standardized_CIF	8-<9 h	104	8.666666666666666	0.019012734665490284	0.016998753347155022	0.021298081816256	500
Model2_confounder_standardized_CIF	8-<9 h	105	8.75	0.019174739107807214	0.017164952221275814	0.021431845369666934	500
Model2_confounder_standardized_CIF	8-<9 h	106	8.833333333333334	0.019532156497288764	0.017440182483844966	0.02194238184445639	500
Model2_confounder_standardized_CIF	8-<9 h	107	8.916666666666666	0.019532156497288764	0.017440182483844966	0.02194238184445639	500
Model2_confounder_standardized_CIF	8-<9 h	108	9.0	0.019811875718921113	0.017728345317947074	0.02231715661657774	500
Model2_confounder_standardized_CIF	8-<9 h	109	9.083333333333334	0.019832792578681434	0.017768046979940267	0.022339848488490223	500
Model2_confounder_standardized_CIF	8-<9 h	110	9.166666666666666	0.020155553137280884	0.018078456686636945	0.022616820468975493	500
Model2_confounder_standardized_CIF	8-<9 h	111	9.25	0.020520036597710598	0.0182821205008583	0.022979497243247757	500
Model2_confounder_standardized_CIF	8-<9 h	112	9.333333333333334	0.02058540824731379	0.018352557429920435	0.02304250427928911	500
Model2_confounder_standardized_CIF	8-<9 h	113	9.416666666666666	0.020719116516704973	0.018529253650273907	0.023126354290417265	500
Model2_confounder_standardized_CIF	8-<9 h	114	9.5	0.020829208025672848	0.018636021670418824	0.023280776609620985	500
Model2_confounder_standardized_CIF	8-<9 h	115	9.583333333333334	0.021301000446092924	0.01901830480937176	0.023701032581902304	500
Model2_confounder_standardized_CIF	8-<9 h	116	9.666666666666666	0.021579562585077938	0.01926557861354417	0.024033202643823602	500
Model2_confounder_standardized_CIF	8-<9 h	117	9.75	0.021693189458606627	0.019315511144405478	0.02415718466906492	500
Model2_confounder_standardized_CIF	8-<9 h	118	9.833333333333334	0.021753975483621322	0.019403322929986092	0.024221303597836277	500
Model2_confounder_standardized_CIF	8-<9 h	119	9.916666666666666	0.02182615557120926	0.019467132956733933	0.024376484082138983	500
Model2_confounder_standardized_CIF	8-<9 h	120	10.0	0.021906977157644947	0.01948753925813024	0.024417041992884546	500
Model2_confounder_standardized_CIF	>=9 h	0	0.0	0.0	0.0	0.0	500
Model2_confounder_standardized_CIF	>=9 h	1	0.08333333333333333	5.914511732823638e-05	7.974315977165648e-06	0.000114068603312095	500
Model2_confounder_standardized_CIF	>=9 h	2	0.16666666666666666	8.458497519796116e-05	3.102495373727752e-05	0.00014671633906512873	500
Model2_confounder_standardized_CIF	>=9 h	3	0.25	0.00015714128256897098	9.051834544530846e-05	0.00023860587801238287	500
Model2_confounder_standardized_CIF	>=9 h	4	0.3333333333333333	0.0003192344307719187	0.0001753618253127834	0.0004791909899410807	500
Model2_confounder_standardized_CIF	>=9 h	5	0.4166666666666667	0.0004321458524794334	0.0002612178189341013	0.0006202495378573857	500
Model2_confounder_standardized_CIF	>=9 h	6	0.5	0.0004751603416542325	0.0002926964198756703	0.0006782186382046425	500
Model2_confounder_standardized_CIF	>=9 h	7	0.5833333333333334	0.0009101308486355633	0.0005445702544739582	0.001296077341688581	500
Model2_confounder_standardized_CIF	>=9 h	8	0.6666666666666666	0.0010966948795821127	0.0007419300167824937	0.00150120642954298	500
Model2_confounder_standardized_CIF	>=9 h	9	0.75	0.0011960651987417519	0.0008507620820345743	0.001591745017820716	500
Model2_confounder_standardized_CIF	>=9 h	10	0.8333333333333334	0.0014095461779744924	0.0010498852320766506	0.0018114559597655713	500
Model2_confounder_standardized_CIF	>=9 h	11	0.9166666666666666	0.0015976133153990206	0.0012289861209256788	0.0020368987177704794	500
Model2_confounder_standardized_CIF	>=9 h	12	1.0	0.0017949620646491307	0.001391154430922589	0.0022612708735160825	500
Model2_confounder_standardized_CIF	>=9 h	13	1.0833333333333333	0.0019089632741272596	0.0015023683398294645	0.0023591319796984448	500
Model2_confounder_standardized_CIF	>=9 h	14	1.1666666666666667	0.0022205011066457805	0.001767748002539395	0.002716867936215495	500
Model2_confounder_standardized_CIF	>=9 h	15	1.25	0.0023367403298388944	0.0018388484789593864	0.0028532977976861032	500
Model2_confounder_standardized_CIF	>=9 h	16	1.3333333333333333	0.0025760592847837737	0.002056843324489225	0.003114408872718807	500
Model2_confounder_standardized_CIF	>=9 h	17	1.4166666666666667	0.00273236600079666	0.0021854045401222526	0.003263598572199088	500
Model2_confounder_standardized_CIF	>=9 h	18	1.5	0.0028112960120815693	0.002259149385625766	0.0033538040108607725	500
Model2_confounder_standardized_CIF	>=9 h	19	1.5833333333333333	0.0029038815338817002	0.002356658312918117	0.003436684063526633	500
Model2_confounder_standardized_CIF	>=9 h	20	1.6666666666666667	0.003005145299824712	0.0024252314140594438	0.0035775011768638953	500
Model2_confounder_standardized_CIF	>=9 h	21	1.75	0.0031121963158373405	0.002512948518797564	0.0036959025428226827	500
Model2_confounder_standardized_CIF	>=9 h	22	1.8333333333333333	0.003360504879877007	0.002715366369748497	0.0040010681690663295	500
Model2_confounder_standardized_CIF	>=9 h	23	1.9166666666666667	0.003454202763731754	0.002813311379936944	0.004109419354029581	500
Model2_confounder_standardized_CIF	>=9 h	24	2.0	0.0035598963859668053	0.002914630185995133	0.00425597679143727	500
Model2_confounder_standardized_CIF	>=9 h	25	2.0833333333333335	0.0038298208540727303	0.003167522660281999	0.004497539663453024	500
Model2_confounder_standardized_CIF	>=9 h	26	2.1666666666666665	0.004130036800660862	0.003434347857556594	0.004811849009270804	500
Model2_confounder_standardized_CIF	>=9 h	27	2.25	0.00436905326736765	0.0035836641704123607	0.005087887626933004	500
Model2_confounder_standardized_CIF	>=9 h	28	2.3333333333333335	0.004832389957398438	0.004114662173483475	0.005581905124712011	500
Model2_confounder_standardized_CIF	>=9 h	29	2.4166666666666665	0.005172254191154855	0.0043854410477574875	0.005976052347773571	500
Model2_confounder_standardized_CIF	>=9 h	30	2.5	0.005589347712277388	0.004796181487275662	0.00639310505700633	500
Model2_confounder_standardized_CIF	>=9 h	31	2.5833333333333335	0.005714323403908755	0.004872912656317487	0.006537973424294066	500
Model2_confounder_standardized_CIF	>=9 h	32	2.6666666666666665	0.005837689680440288	0.00499648533973005	0.0067092666860093485	500
Model2_confounder_standardized_CIF	>=9 h	33	2.75	0.006017627624907145	0.005134724189625874	0.00690650001912904	500
Model2_confounder_standardized_CIF	>=9 h	34	2.8333333333333335	0.006238998160014567	0.005316727399006672	0.007151181859723286	500
Model2_confounder_standardized_CIF	>=9 h	35	2.9166666666666665	0.006366942856390273	0.005429521319071586	0.007335370915333149	500
Model2_confounder_standardized_CIF	>=9 h	36	3.0	0.006569430034550179	0.00557872396009754	0.00755097043806008	500
Model2_confounder_standardized_CIF	>=9 h	37	3.0833333333333335	0.006850322827263377	0.005817127507491205	0.007868230347561095	500
Model2_confounder_standardized_CIF	>=9 h	38	3.1666666666666665	0.0070602663073422575	0.006011913588648428	0.008138606282764757	500
Model2_confounder_standardized_CIF	>=9 h	39	3.25	0.007510030486070468	0.006419146480532448	0.008618543949985983	500
Model2_confounder_standardized_CIF	>=9 h	40	3.3333333333333335	0.007657900889807757	0.0065584104050012415	0.008787724978501698	500
Model2_confounder_standardized_CIF	>=9 h	41	3.4166666666666665	0.007872352920862231	0.006731893419516108	0.009023762906755144	500
Model2_confounder_standardized_CIF	>=9 h	42	3.5	0.008136153783201866	0.0069750716539016865	0.009337448790658771	500
Model2_confounder_standardized_CIF	>=9 h	43	3.5833333333333335	0.008382064818452847	0.007240699553208935	0.009565464335191672	500
Model2_confounder_standardized_CIF	>=9 h	44	3.6666666666666665	0.008943712008027658	0.0076779905371901856	0.010340347873762666	500
Model2_confounder_standardized_CIF	>=9 h	45	3.75	0.009106001172814827	0.0077892279545240485	0.010530940404360367	500
Model2_confounder_standardized_CIF	>=9 h	46	3.8333333333333335	0.00948121405186051	0.008107218308451692	0.010931957638578297	500
Model2_confounder_standardized_CIF	>=9 h	47	3.9166666666666665	0.009643943430130806	0.008225334203749109	0.011116951368875265	500
Model2_confounder_standardized_CIF	>=9 h	48	4.0	0.009780334006878307	0.008321836747135955	0.01129116988854213	500
Model2_confounder_standardized_CIF	>=9 h	49	4.083333333333333	0.0099779958945569	0.008474289939263953	0.011519665154758956	500
Model2_confounder_standardized_CIF	>=9 h	50	4.166666666666667	0.010099026377940662	0.00857931129130378	0.011642661176771874	500
Model2_confounder_standardized_CIF	>=9 h	51	4.25	0.010308067233252933	0.008786952876393484	0.011875474828209267	500
Model2_confounder_standardized_CIF	>=9 h	52	4.333333333333333	0.0105766895385437	0.008987314154711726	0.012124926256846646	500
Model2_confounder_standardized_CIF	>=9 h	53	4.416666666666667	0.010823808437803924	0.009242356729681331	0.012443571952237428	500
Model2_confounder_standardized_CIF	>=9 h	54	4.5	0.011070969724325032	0.009423406895638876	0.012769317949133366	500
Model2_confounder_standardized_CIF	>=9 h	55	4.583333333333333	0.0115175194806334	0.009890307732377153	0.01322614673817418	500
Model2_confounder_standardized_CIF	>=9 h	56	4.666666666666667	0.011755296973100939	0.010159833533634133	0.013473001685659855	500
Model2_confounder_standardized_CIF	>=9 h	57	4.75	0.01223989099619534	0.010483283286969609	0.013995123100632598	500
Model2_confounder_standardized_CIF	>=9 h	58	4.833333333333333	0.012420122152133267	0.010651440249655615	0.014238867300793783	500
Model2_confounder_standardized_CIF	>=9 h	59	4.916666666666667	0.012727434610775171	0.010904957255599272	0.014533831794976323	500
Model2_confounder_standardized_CIF	>=9 h	60	5.0	0.012972493154187976	0.01114141142428473	0.014801530271854227	500
Model2_confounder_standardized_CIF	>=9 h	61	5.083333333333333	0.013387919908989477	0.011528794871282718	0.015284148717284198	500
Model2_confounder_standardized_CIF	>=9 h	62	5.166666666666667	0.01393034376927125	0.012033551349201744	0.015867258242283477	500
Model2_confounder_standardized_CIF	>=9 h	63	5.25	0.01414034923258084	0.012219978275913321	0.01609547896774794	500
Model2_confounder_standardized_CIF	>=9 h	64	5.333333333333333	0.014537954816438327	0.012572980835914967	0.016572911226245497	500
Model2_confounder_standardized_CIF	>=9 h	65	5.416666666666667	0.014986307689839422	0.012985757739670442	0.01703989821977227	500
Model2_confounder_standardized_CIF	>=9 h	66	5.5	0.01521703650098951	0.013194204283036356	0.01733011037480151	500
Model2_confounder_standardized_CIF	>=9 h	67	5.583333333333333	0.01540708817750305	0.013390027150973404	0.017593905028876727	500
Model2_confounder_standardized_CIF	>=9 h	68	5.666666666666667	0.015837153101685347	0.013678357665997763	0.018044994059873355	500
Model2_confounder_standardized_CIF	>=9 h	69	5.75	0.015967945634412097	0.013796632777963237	0.01823184902104588	500
Model2_confounder_standardized_CIF	>=9 h	70	5.833333333333333	0.016348911179072122	0.014056482830287481	0.018676568326653074	500
Model2_confounder_standardized_CIF	>=9 h	71	5.916666666666667	0.016638166878857694	0.01430800204535214	0.01900327204893664	500
Model2_confounder_standardized_CIF	>=9 h	72	6.0	0.01698910951723949	0.01460254697155711	0.01936008067292844	500
Model2_confounder_standardized_CIF	>=9 h	73	6.083333333333333	0.01716736171105588	0.014781131150688569	0.019585456812377142	500
Model2_confounder_standardized_CIF	>=9 h	74	6.166666666666667	0.017322777732954684	0.014920261803683834	0.019740995731810315	500
Model2_confounder_standardized_CIF	>=9 h	75	6.25	0.017505020187498613	0.015095521500546877	0.02001004892685526	500
Model2_confounder_standardized_CIF	>=9 h	76	6.333333333333333	0.017612757223361798	0.015155386018752747	0.02011451083763834	500
Model2_confounder_standardized_CIF	>=9 h	77	6.416666666666667	0.018283490537103674	0.015836763228837432	0.020793688067250963	500
Model2_confounder_standardized_CIF	>=9 h	78	6.5	0.018606484766599898	0.01607913256222652	0.021175817908788006	500
Model2_confounder_standardized_CIF	>=9 h	79	6.583333333333333	0.01909615492922638	0.016433727812817753	0.021785922446392384	500
Model2_confounder_standardized_CIF	>=9 h	80	6.666666666666667	0.019240843968046862	0.016616730724883382	0.021966589678445378	500
Model2_confounder_standardized_CIF	>=9 h	81	6.75	0.019659253120629733	0.017048342604648582	0.022364473255462102	500
Model2_confounder_standardized_CIF	>=9 h	82	6.833333333333333	0.019790506388259042	0.017150567007950528	0.022492493921704573	500
Model2_confounder_standardized_CIF	>=9 h	83	6.916666666666667	0.019900959230689567	0.017276776217756192	0.022618719225727866	500
Model2_confounder_standardized_CIF	>=9 h	84	7.0	0.020330366552868254	0.0176286012775532	0.023067024150375717	500
Model2_confounder_standardized_CIF	>=9 h	85	7.083333333333333	0.020733606733107583	0.017945159298631087	0.023496742790014475	500
Model2_confounder_standardized_CIF	>=9 h	86	7.166666666666667	0.020920875757622203	0.018129697306776913	0.02371016446851012	500
Model2_confounder_standardized_CIF	>=9 h	87	7.25	0.021198184586128394	0.01841425257906742	0.02399244849519949	500
Model2_confounder_standardized_CIF	>=9 h	88	7.333333333333333	0.021348476425787785	0.01857396488279821	0.024158702802751807	500
Model2_confounder_standardized_CIF	>=9 h	89	7.416666666666667	0.021492279227916106	0.018642942414477788	0.02439284789670812	500
Model2_confounder_standardized_CIF	>=9 h	90	7.5	0.021879483626172563	0.018982002090227025	0.024800527414678603	500
Model2_confounder_standardized_CIF	>=9 h	91	7.583333333333333	0.02198517720141383	0.019091446131434514	0.024939096462392167	500
Model2_confounder_standardized_CIF	>=9 h	92	7.666666666666667	0.022252700334604858	0.019435330603863984	0.025179297842196656	500
Model2_confounder_standardized_CIF	>=9 h	93	7.75	0.022344004509669287	0.019493128099927187	0.025302138589993695	500
Model2_confounder_standardized_CIF	>=9 h	94	7.833333333333333	0.02291346264842421	0.0199438050500679	0.025856368568725144	500
Model2_confounder_standardized_CIF	>=9 h	95	7.916666666666667	0.023144796638631875	0.020189811365533338	0.026041870759053523	500
Model2_confounder_standardized_CIF	>=9 h	96	8.0	0.023380390370095486	0.020456083946971702	0.02631456849075854	500
Model2_confounder_standardized_CIF	>=9 h	97	8.083333333333334	0.023629616759616442	0.02064326935095817	0.026668452071879588	500
Model2_confounder_standardized_CIF	>=9 h	98	8.166666666666666	0.02372260725216969	0.020769905489957854	0.02669646237778944	500
Model2_confounder_standardized_CIF	>=9 h	99	8.25	0.02406687034316711	0.02106901097458198	0.027068012735726114	500
Model2_confounder_standardized_CIF	>=9 h	100	8.333333333333334	0.02427652085186733	0.02125746620275217	0.027295489009550037	500
Model2_confounder_standardized_CIF	>=9 h	101	8.416666666666666	0.024422095470346527	0.021360490824075817	0.02745416670496956	500
Model2_confounder_standardized_CIF	>=9 h	102	8.5	0.024628923795857145	0.021555292619163426	0.027712434660836605	500
Model2_confounder_standardized_CIF	>=9 h	103	8.583333333333334	0.024984480178802664	0.021867625561144476	0.028194015417516156	500
Model2_confounder_standardized_CIF	>=9 h	104	8.666666666666666	0.025168922394237073	0.02196094440347319	0.028426479873533105	500
Model2_confounder_standardized_CIF	>=9 h	105	8.75	0.02537462202775502	0.022159726598868258	0.028667755400213032	500
Model2_confounder_standardized_CIF	>=9 h	106	8.833333333333334	0.025828154724962943	0.022505657346006205	0.029079176585547335	500
Model2_confounder_standardized_CIF	>=9 h	107	8.916666666666666	0.025828154724962943	0.022505657346006205	0.029079176585547335	500
Model2_confounder_standardized_CIF	>=9 h	108	9.0	0.026182610070961707	0.022781051809258674	0.029606555580427	500
Model2_confounder_standardized_CIF	>=9 h	109	9.083333333333334	0.02620909121655257	0.022804366320092865	0.0296237334869571	500
Model2_confounder_standardized_CIF	>=9 h	110	9.166666666666666	0.026617613985730062	0.023137475379469502	0.030081204079525678	500
Model2_confounder_standardized_CIF	>=9 h	111	9.25	0.027078511280255322	0.023453093762881527	0.03067665147249717	500
Model2_confounder_standardized_CIF	>=9 h	112	9.333333333333334	0.02716108465706348	0.023523121706573585	0.030787311927330165	500
Model2_confounder_standardized_CIF	>=9 h	113	9.416666666666666	0.02732990325188025	0.023625744540179135	0.031008862198413818	500
Model2_confounder_standardized_CIF	>=9 h	114	9.5	0.02746883280951708	0.023767188297757747	0.03127193163384124	500
Model2_confounder_standardized_CIF	>=9 h	115	9.583333333333334	0.028064005741849977	0.02417998923946714	0.03197801739082711	500
Model2_confounder_standardized_CIF	>=9 h	116	9.666666666666666	0.028414960389870056	0.02434541216010882	0.03247681645364675	500
Model2_confounder_standardized_CIF	>=9 h	117	9.75	0.028558014463803072	0.024505448352246453	0.032640067645578766	500
Model2_confounder_standardized_CIF	>=9 h	118	9.833333333333334	0.028634499988027827	0.02453182771722893	0.03275476998154323	500
Model2_confounder_standardized_CIF	>=9 h	119	9.916666666666666	0.028725302070539083	0.024649574471654022	0.03286819125475075	500
Model2_confounder_standardized_CIF	>=9 h	120	10.0	0.028826947128089336	0.0247369241250779	0.03303275186314834	500
