replicate	heart_model_converged	other_model_converged	heart_iterations	other_iterations
1	True	True	6	6
2	True	True	7	6
3	True	True	6	6
4	True	True	7	6
5	True	True	7	6
6	True	True	7	6
7	True	True	7	6
8	True	True	7	6
9	True	True	7	7
10	True	True	7	6
11	True	True	7	6
12	True	True	6	6
13	True	True	7	6
14	True	True	7	6
15	True	True	7	6
16	True	True	7	6
17	True	True	6	6
18	True	True	6	6
19	True	True	7	7
20	True	True	7	6
21	True	True	6	6
22	True	True	7	6
23	True	True	7	6
24	True	True	7	6
25	True	True	7	6
26	True	True	7	6
27	True	True	7	6
28	True	True	6	6
29	True	True	7	6
30	True	True	6	6
31	True	True	6	6
32	True	True	6	6
33	True	True	8	6
34	True	True	6	6
35	True	True	7	6
36	True	True	6	6
37	True	True	7	6
38	True	True	7	6
39	True	True	6	6
40	True	True	7	6
41	True	True	7	6
42	True	True	6	6
43	True	True	7	6
44	True	True	6	6
45	True	True	7	6
46	True	True	7	6
47	True	True	6	7
48	True	True	6	6
49	True	True	7	6
50	True	True	7	6
51	True	True	6	6
52	True	True	7	6
53	True	True	7	6
54	True	True	6	6
55	True	True	6	6
56	True	True	7	6
57	True	True	7	6
58	True	True	7	6
59	True	True	6	6
60	True	True	7	6
61	True	True	7	6
62	True	True	6	6
63	True	True	7	6
64	True	True	7	6
65	True	True	6	6
66	True	True	7	6
67	True	True	7	6
68	True	True	6	6
69	True	True	6	6
70	True	True	6	6
71	True	True	7	6
72	True	True	7	6
73	True	True	7	6
74	True	True	7	6
75	True	True	7	6
76	True	True	6	6
77	True	True	7	6
78	True	True	7	6
79	True	True	7	7
80	True	True	7	6
81	True	True	8	6
82	True	True	7	7
83	True	True	7	6
84	True	True	7	6
85	True	True	7	6
86	True	True	8	6
87	True	True	7	6
88	True	True	7	6
89	True	True	6	6
90	True	True	6	6
91	True	True	6	6
92	True	True	7	6
93	True	True	7	6
94	True	True	7	6
95	True	True	7	6
96	True	True	7	6
97	True	True	7	6
98	True	True	7	6
99	True	True	6	6
100	True	True	7	6
101	True	True	7	6
102	True	True	7	6
103	True	True	7	6
104	True	True	7	6
105	True	True	7	6
106	True	True	6	6
107	True	True	7	6
108	True	True	7	6
109	True	True	6	6
110	True	True	6	6
111	True	True	6	6
112	True	True	7	6
113	True	True	8	6
114	True	True	7	6
115	True	True	6	6
116	True	True	6	6
117	True	True	7	6
118	True	True	6	6
119	True	True	7	7
120	True	True	6	6
121	True	True	7	6
122	True	True	6	6
123	True	True	7	6
124	True	True	6	6
125	True	True	6	6
126	True	True	6	7
127	True	True	6	6
128	True	True	7	6
129	True	True	7	6
130	True	True	8	6
131	True	True	7	6
132	True	True	6	6
133	True	True	6	6
134	True	True	7	6
135	True	True	7	6
136	True	True	6	6
137	True	True	7	6
138	True	True	7	6
139	True	True	7	6
140	True	True	7	6
141	True	True	7	6
142	True	True	7	6
143	True	True	7	6
144	True	True	6	6
145	True	True	7	6
146	True	True	7	6
147	True	True	6	6
148	True	True	7	6
149	True	True	7	6
150	True	True	7	6
151	True	True	6	6
152	True	True	7	6
153	True	True	7	6
154	True	True	7	6
155	True	True	7	6
156	True	True	7	6
157	True	True	7	6
158	True	True	7	6
159	True	True	7	6
160	True	True	7	6
161	True	True	7	6
162	True	True	6	6
163	True	True	7	6
164	True	True	6	6
165	True	True	7	6
166	True	True	7	6
167	True	True	6	6
168	True	True	7	6
169	True	True	8	6
170	True	True	8	6
171	True	True	7	6
172	True	True	6	6
173	True	True	7	6
174	True	True	7	6
175	True	True	6	6
176	True	True	6	6
177	True	True	7	6
178	True	True	6	6
179	True	True	7	6
180	True	True	7	6
181	True	True	7	6
182	True	True	6	6
183	True	True	7	6
184	True	True	7	6
185	True	True	6	6
186	True	True	8	6
187	True	True	6	6
188	True	True	6	6
189	True	True	7	7
190	True	True	7	6
191	True	True	6	6
192	True	True	7	6
193	True	True	7	6
194	True	True	7	6
195	True	True	6	6
196	True	True	7	6
197	True	True	7	6
198	True	True	8	6
199	True	True	7	6
200	True	True	6	6
201	True	True	6	6
202	True	True	7	6
203	True	True	7	6
204	True	True	6	7
205	True	True	6	7
206	True	True	6	6
207	True	True	6	6
208	True	True	7	6
209	True	True	7	6
210	True	True	7	6
211	True	True	7	6
212	True	True	7	6
213	True	True	7	6
214	True	True	7	7
215	True	True	6	6
216	True	True	7	6
217	True	True	7	6
218	True	True	7	6
219	True	True	6	6
220	True	True	7	6
221	True	True	7	6
222	True	True	8	6
223	True	True	8	6
224	True	True	7	6
225	True	True	7	6
226	True	True	7	6
227	True	True	6	6
228	True	True	6	6
229	True	True	6	6
230	True	True	8	6
231	True	True	7	6
232	True	True	6	6
233	True	True	7	6
234	True	True	6	6
235	True	True	7	6
236	True	True	7	6
237	True	True	7	6
238	True	True	6	6
239	True	True	6	6
240	True	True	7	6
241	True	True	7	6
242	True	True	7	6
243	True	True	7	6
244	True	True	7	6
245	True	True	7	6
246	True	True	7	6
247	True	True	7	6
248	True	True	7	6
249	True	True	7	6
250	True	True	7	6
251	True	True	7	6
252	True	True	7	7
253	True	True	6	6
254	True	True	7	6
255	True	True	6	6
256	True	True	7	6
257	True	True	7	6
258	True	True	6	6
259	True	True	6	6
260	True	True	6	6
261	True	True	7	6
262	True	True	7	6
263	True	True	7	6
264	True	True	7	6
265	True	True	6	6
266	True	True	7	6
267	True	True	7	6
268	True	True	7	6
269	True	True	6	6
270	True	True	7	6
271	True	True	6	6
272	True	True	7	6
273	True	True	7	6
274	True	True	7	6
275	True	True	7	6
276	True	True	8	6
277	True	True	7	6
278	True	True	7	6
279	True	True	7	6
280	True	True	7	6
281	True	True	7	6
282	True	True	7	6
283	True	True	7	7
284	True	True	6	6
285	True	True	7	6
286	True	True	7	6
287	True	True	7	6
288	True	True	6	6
289	True	True	6	7
290	True	True	7	6
291	True	True	6	6
292	True	True	7	6
293	True	True	7	6
294	True	True	7	6
295	True	True	7	7
296	True	True	7	6
297	True	True	7	6
298	True	True	6	6
299	True	True	7	6
300	True	True	7	6
301	True	True	7	6
302	True	True	7	6
303	True	True	7	6
304	True	True	6	6
305	True	True	8	6
306	True	True	6	6
307	True	True	6	7
308	True	True	7	6
309	True	True	6	6
310	True	True	7	6
311	True	True	6	6
312	True	True	7	6
313	True	True	7	6
314	True	True	6	7
315	True	True	6	6
316	True	True	7	6
317	True	True	6	6
318	True	True	8	6
319	True	True	7	6
320	True	True	7	6
321	True	True	7	6
322	True	True	7	6
323	True	True	7	6
324	True	True	7	6
325	True	True	7	6
326	True	True	6	6
327	True	True	7	6
328	True	True	7	6
329	True	True	6	6
330	True	True	7	6
331	True	True	6	6
332	True	True	6	6
333	True	True	6	6
334	True	True	6	6
335	True	True	7	6
336	True	True	6	6
337	True	True	7	6
338	True	True	6	6
339	True	True	6	6
340	True	True	6	6
341	True	True	7	6
342	True	True	7	6
343	True	True	7	7
344	True	True	7	6
345	True	True	7	6
346	True	True	6	6
347	True	True	8	6
348	True	True	6	6
349	True	True	6	6
350	True	True	7	6
351	True	True	7	6
352	True	True	6	6
353	True	True	7	6
354	True	True	7	6
355	True	True	7	6
356	True	True	7	6
357	True	True	6	6
358	True	True	7	6
359	True	True	7	6
360	True	True	6	6
361	True	True	7	6
362	True	True	7	6
363	True	True	6	6
364	True	True	7	7
365	True	True	7	6
366	True	True	7	6
367	True	True	7	6
368	True	True	7	6
369	True	True	7	6
370	True	True	7	6
371	True	True	6	6
372	True	True	6	6
373	True	True	7	6
374	True	True	7	6
375	True	True	7	6
376	True	True	7	6
377	True	True	7	6
378	True	True	7	6
379	True	True	6	6
380	True	True	7	6
381	True	True	6	6
382	True	True	7	6
383	True	True	6	6
384	True	True	7	6
385	True	True	7	6
386	True	True	7	6
387	True	True	7	6
388	True	True	6	6
389	True	True	7	7
390	True	True	7	6
391	True	True	7	6
392	True	True	7	6
393	True	True	7	6
394	True	True	7	6
395	True	True	8	6
396	True	True	6	6
397	True	True	6	6
398	True	True	7	6
399	True	True	7	6
400	True	True	7	6
401	True	True	6	6
402	True	True	7	7
403	True	True	8	6
404	True	True	7	6
405	True	True	7	6
406	True	True	7	6
407	True	True	7	6
408	True	True	7	6
409	True	True	6	6
410	True	True	7	6
411	True	True	7	6
412	True	True	7	6
413	True	True	6	6
414	True	True	7	6
415	True	True	7	6
416	True	True	7	6
417	True	True	6	6
418	True	True	6	6
419	True	True	7	6
420	True	True	7	6
421	True	True	7	6
422	True	True	7	6
423	True	True	7	7
424	True	True	7	6
425	True	True	7	6
426	True	True	8	6
427	True	True	7	6
428	True	True	7	6
429	True	True	7	6
430	True	True	6	6
431	True	True	7	6
432	True	True	7	6
433	True	True	7	7
434	True	True	7	6
435	True	True	6	6
436	True	True	6	6
437	True	True	7	6
438	True	True	7	6
439	True	True	8	6
440	True	True	7	6
441	True	True	7	7
442	True	True	7	6
443	True	True	7	6
444	True	True	6	6
445	True	True	7	6
446	True	True	7	6
447	True	True	6	6
448	True	True	7	6
449	True	True	6	6
450	True	True	8	6
451	True	True	7	6
452	True	True	7	6
453	True	True	7	6
454	True	True	7	6
455	True	True	7	6
456	True	True	6	6
457	True	True	7	6
458	True	True	7	6
459	True	True	7	6
460	True	True	7	6
461	True	True	7	6
462	True	True	8	6
463	True	True	6	6
464	True	True	7	6
465	True	True	8	6
466	True	True	7	6
467	True	True	6	6
468	True	True	7	6
469	True	True	8	6
470	True	True	8	6
471	True	True	7	6
472	True	True	6	6
473	True	True	7	6
474	True	True	6	6
475	True	True	6	6
476	True	True	7	6
477	True	True	7	8
478	True	True	6	6
479	True	True	6	6
480	True	True	6	6
481	True	True	7	6
482	True	True	7	6
483	True	True	6	6
484	True	True	6	6
485	True	True	7	6
486	True	True	7	6
487	True	True	7	7
488	True	True	7	6
489	True	True	6	6
490	True	True	7	6
491	True	True	8	6
492	True	True	7	7
493	True	True	7	6
494	True	True	7	6
495	True	True	6	6
496	True	True	7	7
497	True	True	8	6
498	True	True	7	6
499	True	True	7	6
500	True	True	8	6
