model	term	beta	se	HR	lower_95	upper_95	p_value	P	n	events	converged	iterations	global_sleep_wald	global_sleep_p
survey_weighted_explicit_cycle_nesting	sleep[<6 h]	0.34656200280854577	0.1613104038603848	1.414197175308792	1.0308662012505707	1.9400710278648867	0.0316806489579482	0.032	32880	875	True	7	15.05482569275974	0.004588845409044743
survey_weighted_explicit_cycle_nesting	sleep[6-<7 h]	0.3029844697007064	0.13407825382402108	1.3538934379087122	1.0410147109566907	1.7608083938868868	0.02383624522384668	0.024	32880	875	True	7	15.05482569275974	0.004588845409044743
survey_weighted_explicit_cycle_nesting	sleep[8-<9 h]	0.20167646815615492	0.11910851803454406	1.2234521183536327	0.968727487355456	1.5451559963372403	0.09041432871026069	0.090	32880	875	True	7	15.05482569275974	0.004588845409044743
survey_weighted_explicit_cycle_nesting	sleep[>=9 h]	0.5292984438217321	0.13721622889012763	1.697740830154388	1.2973965168824977	2.2216214463865063	0.00011459761839231419	<0.001	32880	875	True	7	15.05482569275974	0.004588845409044743
survey_weighted_released_MVU	sleep[<6 h]	0.34656200280854577	0.1613104038603848	1.414197175308792	1.0308662012505707	1.9400710278648867	0.0316806489579482	0.032	32880	875	True	7	15.05482569275974	0.004588845409044743
survey_weighted_released_MVU	sleep[6-<7 h]	0.3029844697007064	0.13407825382402108	1.3538934379087122	1.0410147109566907	1.7608083938868868	0.02383624522384668	0.024	32880	875	True	7	15.05482569275974	0.004588845409044743
survey_weighted_released_MVU	sleep[8-<9 h]	0.20167646815615492	0.11910851803454406	1.2234521183536327	0.968727487355456	1.5451559963372403	0.09041432871026069	0.090	32880	875	True	7	15.05482569275974	0.004588845409044743
survey_weighted_released_MVU	sleep[>=9 h]	0.5292984438217321	0.13721622889012763	1.697740830154388	1.2973965168824977	2.2216214463865063	0.00011459761839231419	<0.001	32880	875	True	7	15.05482569275974	0.004588845409044743
unweighted_explicit_cycle_nesting	sleep[<6 h]	0.32178142268175736	0.1202917609919081	1.3795831974037502	1.0898214805335302	1.7463867546701364	0.00747274675481847	0.007	32880	875	True	8	26.171094235511582	2.9227577098876597e-05
unweighted_explicit_cycle_nesting	sleep[6-<7 h]	0.2569454313907179	0.10117940162812954	1.292974569010184	1.0603907244985928	1.576572858931387	0.01110099758985659	0.011	32880	875	True	8	26.171094235511582	2.9227577098876597e-05
unweighted_explicit_cycle_nesting	sleep[8-<9 h]	0.27886980200489714	0.09585293301908804	1.3216352584062894	1.0952706541597623	1.5947836725367726	0.003621802781665554	0.004	32880	875	True	8	26.171094235511582	2.9227577098876597e-05
unweighted_explicit_cycle_nesting	sleep[>=9 h]	0.5722662027977163	0.11190464941634552	1.7722788472272897	1.4232416475253884	2.206914277551213	3.1561903727592296e-07	<0.001	32880	875	True	8	26.171094235511582	2.9227577098876597e-05
unweighted_released_MVU	sleep[<6 h]	0.32178142268175736	0.1202917609919081	1.3795831974037502	1.0898214805335302	1.7463867546701364	0.00747274675481847	0.007	32880	875	True	8	26.171094235511582	2.9227577098876597e-05
unweighted_released_MVU	sleep[6-<7 h]	0.2569454313907179	0.10117940162812954	1.292974569010184	1.0603907244985928	1.576572858931387	0.01110099758985659	0.011	32880	875	True	8	26.171094235511582	2.9227577098876597e-05
unweighted_released_MVU	sleep[8-<9 h]	0.27886980200489714	0.09585293301908804	1.3216352584062894	1.0952706541597623	1.5947836725367726	0.003621802781665554	0.004	32880	875	True	8	26.171094235511582	2.9227577098876597e-05
unweighted_released_MVU	sleep[>=9 h]	0.5722662027977163	0.11190464941634552	1.7722788472272897	1.4232416475253884	2.206914277551213	3.1561903727592296e-07	<0.001	32880	875	True	8	26.171094235511582	2.9227577098876597e-05
